suburb,postcode,lat,lng,outline_status,outline_part,proposed_status,far_edge,reviewed,basis,disagreement
Abbeyard,3737,-37.0213248,146.7640653,out_of_area,,out_of_area,false,false,outline:no_hit,
Abbotsford,3067,-37.8023601,144.9983623,zone_2,zone_2,zone_2,false,true,approved_on_map,
Aberfeldie,3040,-37.762,144.901,zone_2,zone_2,zone_2,false,true,approved_on_map,
Aberfeldy,3825,-37.7206048,146.3885869,out_of_area,,out_of_area,false,false,outline:no_hit,
Acheron,3714,-37.2729634,145.7040584,out_of_area,,out_of_area,false,false,outline:no_hit,
Ada,3833,-37.8422187,145.8518624,out_of_area,,out_of_area,false,false,outline:no_hit,
Adams Estate,3984,-38.4256676,145.5323505,out_of_area,,out_of_area,false,false,outline:no_hit,
Addington,3352,-37.383333,143.683333,out_of_area,,out_of_area,false,false,outline:no_hit,
Adelaide Lead,3465,-37.0838207,143.679125,out_of_area,,out_of_area,false,false,outline:no_hit,
Agnes,3962,-38.6577757,146.3819528,out_of_area,,out_of_area,false,false,outline:no_hit,
Ailsa,3393,-36.3314292,142.3613812,out_of_area,,out_of_area,false,false,outline:no_hit,
Aintree,3336,-37.7215,144.663,out_of_area,,out_of_area,false,false,outline:no_hit,
Aire Valley,3237,-38.6922736,143.5659848,out_of_area,,out_of_area,false,false,outline:no_hit,
Aireys Inlet,3231,-38.461511,144.1057661,out_of_area,,out_of_area,false,false,outline:no_hit,
Airly,3851,-38.0279745,147.1149275,out_of_area,,out_of_area,false,false,outline:no_hit,
Airport West,3042,-37.726234,144.8813526,pre_arranged,north-west and west,pre_arranged,false,true,approved_on_map,
Albacutya,3424,-35.7395619,141.9661831,out_of_area,,out_of_area,false,false,outline:no_hit,
Albanvale,3021,-37.746,144.765,pre_arranged,north-west and west,pre_arranged,false,false,outline:north-west and west,
Albert Park,3206,-37.8438609,144.9514536,zone_1,zone_1,zone_1,false,false,outline:zone_1,
Alberton,3971,-38.616667,146.666667,out_of_area,,out_of_area,false,false,outline:no_hit,
Alberton West,3971,-38.6,146.590556,out_of_area,,out_of_area,false,false,outline:no_hit,
Albion,3020,-37.7755151,144.8154448,pre_arranged,north-west and west,pre_arranged,false,false,outline:north-west and west,
Alexandra,3714,-37.1943946,145.7080742,out_of_area,,out_of_area,false,false,outline:no_hit,
Alfredton,3350,-37.555,143.8,out_of_area,,out_of_area,false,false,outline:no_hit,
Allambee,3823,-38.2905436,146.0196656,out_of_area,,out_of_area,false,false,outline:no_hit,
Allambee Reserve,3871,-38.3022517,146.0528724,out_of_area,,out_of_area,false,false,outline:no_hit,
Allambee South,3871,-38.3485607,146.1086461,out_of_area,,out_of_area,false,false,outline:no_hit,
Allans Flat,3691,-36.2870441,146.9263742,out_of_area,,out_of_area,false,false,outline:no_hit,
Allansford,3277,-38.386111,142.593056,out_of_area,,out_of_area,false,false,outline:no_hit,
Allendale,3364,-37.366667,143.933333,out_of_area,,out_of_area,false,false,outline:no_hit,
Allestree,3305,-38.283333,141.65,out_of_area,,out_of_area,false,false,outline:no_hit,
Alma,3465,-37.027222,143.677778,out_of_area,,out_of_area,false,false,outline:no_hit,
Almonds,3727,-36.2442306,146.0560088,out_of_area,,out_of_area,false,false,outline:no_hit,
Almurta,3979,-38.4723141,145.6211838,out_of_area,,out_of_area,false,false,outline:no_hit,
Alphington,3078,-37.78,145.023,zone_2,zone_2,zone_2,false,false,outline:zone_2,
Altona,3018,-37.8631512,144.8120218,zone_5,zone_5,zone_5,false,true,named_by_tom,
Altona East,3025,-37.8388686,144.8346241,zone_5,zone_5,zone_5,false,false,outline:zone_5,
Altona Gate,3025,-37.8277061,144.8477003,zone_5,zone_5,zone_5,false,false,outline:zone_5,
Altona Meadows,3028,-37.8715626,144.7775818,out_of_area,,out_of_area,false,true,approved_on_map,
Altona North,3025,-37.8388686,144.8346241,zone_5,zone_5,zone_5,false,true,approved_on_map,
Alvie,3249,-38.244444,143.515556,out_of_area,,out_of_area,false,false,outline:no_hit,
Amherst,3371,-37.1560117,143.6655871,out_of_area,,out_of_area,false,false,outline:no_hit,
Amor,3825,-37.9393673,146.4104044,out_of_area,,out_of_area,false,false,outline:no_hit,
Amphitheatre,3377,-37.1878,143.468,out_of_area,,out_of_area,false,false,outline:no_hit,
Amphitheatre,3468,-37.1878175,143.4682535,out_of_area,,out_of_area,false,false,outline:no_hit,
Anakie,3213,-37.9167,144.25,out_of_area,,out_of_area,false,false,outline:no_hit,
Anakie,3221,-38.1636337,144.1501922,out_of_area,,out_of_area,false,false,outline:no_hit,
Ancona,3715,-36.9483706,145.8463301,out_of_area,,out_of_area,false,false,outline:no_hit,
Anderson,3995,-38.5227147,145.4526995,out_of_area,,out_of_area,false,false,outline:no_hit,
Angip,3393,-36.103026,142.229857,out_of_area,,out_of_area,false,false,outline:no_hit,
Anglers Rest,3898,-36.9939045,147.4819571,out_of_area,,out_of_area,false,false,outline:no_hit,
Anglesea,3230,-38.3850062,144.1501922,out_of_area,,out_of_area,false,false,outline:no_hit,
Annuello,3549,-34.9069376,142.8676911,out_of_area,,out_of_area,false,false,outline:no_hit,
Antwerp,3414,-36.2838951,142.0251828,out_of_area,,out_of_area,false,false,outline:no_hit,
Apollo Bay,3233,-38.7551525,143.6675853,out_of_area,,out_of_area,false,false,outline:no_hit,
Appin,3579,-35.8847165,143.8522489,out_of_area,,out_of_area,false,false,outline:no_hit,
Appin Park,3677,-36.3428863,146.3002551,out_of_area,,out_of_area,false,false,outline:no_hit,
Appin South,3579,-35.9137268,143.8831737,out_of_area,,out_of_area,false,false,outline:no_hit,
Apsley,3319,-36.9684704,141.0829427,out_of_area,,out_of_area,false,false,outline:no_hit,
Arapiles,3409,-36.7168536,141.8782814,out_of_area,,out_of_area,false,false,outline:no_hit,
Ararat,3377,-37.2846464,142.9316441,out_of_area,,out_of_area,false,false,outline:no_hit,
Ararat East,3377,-37.2846,142.932,out_of_area,,out_of_area,false,false,outline:no_hit,
Arawata,3951,-38.3950636,145.8892336,out_of_area,,out_of_area,false,false,outline:no_hit,
Arbuckle,3858,-37.369,146.829,out_of_area,,out_of_area,false,false,outline:no_hit,
Arcadia,3631,-36.5315858,145.3456866,out_of_area,,out_of_area,false,false,outline:no_hit,
Arcadia South,3631,-36.5735787,145.3520475,out_of_area,,out_of_area,false,false,outline:no_hit,
Archdale,3475,-36.8345009,143.5307957,out_of_area,,out_of_area,false,false,outline:no_hit,
Archdale Junction,3475,-36.8725115,143.5147379,out_of_area,,out_of_area,false,false,outline:no_hit,
Archerton,3723,-36.8970666,146.2620743,out_of_area,,out_of_area,false,false,outline:no_hit,
Archies Creek,3995,-38.548056,145.563611,out_of_area,,out_of_area,false,false,outline:no_hit,
Ardeer,3022,-37.7776716,144.7988921,pre_arranged,north-west and west,pre_arranged,false,false,outline:north-west and west,
Ardmona,3629,-36.383333,145.3,out_of_area,,out_of_area,false,false,outline:no_hit,
Areegra,3480,-36.2803801,142.7065456,out_of_area,,out_of_area,false,false,outline:no_hit,
Argyle,3523,-36.9470859,144.7227565,out_of_area,,out_of_area,false,false,outline:no_hit,
Armadale,3143,-37.857253,145.0190242,zone_1,zone_1,zone_1,false,false,outline:zone_1,
Armadale North,3143,-37.8554995,145.0206967,zone_1,zone_1,zone_1,false,false,outline:zone_1,
Armstrong,3377,-37.2112639,142.8734706,out_of_area,,out_of_area,false,false,outline:no_hit,
Armstrong Creek,3217,-38.2373,144.374,out_of_area,,out_of_area,false,false,outline:no_hit,
Arnold,3551,-36.6723618,143.8186485,out_of_area,,out_of_area,false,false,outline:no_hit,
Arnold West,3551,-36.6848161,143.7816296,out_of_area,,out_of_area,false,false,outline:no_hit,
Arthurs Creek,3099,-37.583333,145.2,out_of_area,,out_of_area,false,false,outline:no_hit,
Arthurs Seat,3936,-38.352,144.953,pre_arranged,Mount Martha to Portsea,pre_arranged,false,false,outline:Mount Martha to Portsea,
Ascot,3364,-37.399,143.803,out_of_area,,out_of_area,false,false,outline:no_hit,
Ascot,3551,-36.711109,144.332462,out_of_area,,out_of_area,false,false,outline:no_hit,
Ascot Vale,3032,-37.7767444,144.9110705,zone_2,zone_2,zone_2,false,true,approved_on_map,
Ashbourne,3442,-37.386944,144.446111,out_of_area,,out_of_area,false,false,outline:no_hit,
Ashburton,3147,-37.866944,145.083056,zone_1,zone_1,zone_1,false,false,outline:zone_1,
Ashwood,3147,-37.867,145.103,zone_1,zone_1,zone_1,false,false,outline:zone_1,
Aspendale,3195,-38.025,145.104,zone_4,zone_4,zone_4,false,true,approved_on_map,
Aspendale Gardens,3195,-38.022778,145.118889,zone_4,zone_4,zone_4,false,true,approved_on_map,
Athlone,3818,-38.2386755,145.758535,out_of_area,,out_of_area,false,false,outline:no_hit,
Attwood,3049,-37.666,144.887,out_of_area,,out_of_area,false,false,outline:no_hit,
Aubrey,3393,-36.259206,142.2361379,out_of_area,,out_of_area,false,false,outline:no_hit,
Auburn,3123,-37.830327,145.0435616,zone_1,zone_1,zone_1,false,false,outline:zone_1,
Auburn South,3122,-37.8297567,145.0438836,zone_1,zone_1,zone_1,false,false,outline:zone_1,
Auchmore,3570,-36.4377995,144.137372,out_of_area,,out_of_area,false,false,outline:no_hit,
Avalon,3212,-38.0569,144.423,out_of_area,,out_of_area,false,false,outline:no_hit,
Avenel,3664,-36.9,145.233333,out_of_area,,out_of_area,false,false,outline:no_hit,
Avoca,3467,-37.0638618,143.4554195,out_of_area,,out_of_area,false,false,outline:no_hit,
Avon Plains,3477,-36.5508,142.925,out_of_area,,out_of_area,false,false,outline:no_hit,
Avon Plains,3478,-36.5508207,142.9246631,out_of_area,,out_of_area,false,false,outline:no_hit,
Avondale Heights,3034,-37.7628247,144.8648709,pre_arranged,north-west and west,pre_arranged,false,true,approved_on_map,
Avonmore,3559,-36.5381814,144.533448,out_of_area,,out_of_area,false,false,outline:no_hit,
Avonsleigh,3782,-37.925,145.481944,out_of_area,,out_of_area,false,false,outline:no_hit,
Axe Creek,3551,-36.8363648,144.3938706,out_of_area,,out_of_area,false,false,outline:no_hit,
Axedale,3551,-36.7768707,144.5040073,out_of_area,,out_of_area,false,false,outline:no_hit,
Ayrford,3268,-38.4208758,142.8409151,out_of_area,,out_of_area,false,false,outline:no_hit,
Baarmutha,3747,-36.3981,146.66,out_of_area,,out_of_area,false,false,outline:no_hit,
Bacchus Marsh,3340,-37.6763789,144.4463206,out_of_area,,out_of_area,false,false,outline:no_hit,
Baddaginnie,3670,-36.5986338,145.8739293,out_of_area,,out_of_area,false,false,outline:no_hit,
Badger Creek,3777,-37.685,145.538,out_of_area,,out_of_area,false,false,outline:no_hit,
Bael Bael,3579,-35.7156502,143.7509641,out_of_area,,out_of_area,false,false,outline:no_hit,
Bagshot,3551,-36.6736721,144.3870348,out_of_area,,out_of_area,false,false,outline:no_hit,
Bagshot North,3551,-36.599462,144.4263487,out_of_area,,out_of_area,false,false,outline:no_hit,
Bahgallah,3312,-37.6660935,141.337186,out_of_area,,out_of_area,false,false,outline:no_hit,
Bailieston,3608,-36.7650657,145.0541611,out_of_area,,out_of_area,false,false,outline:no_hit,
Bairnsdale,3875,-37.833333,147.616667,out_of_area,,out_of_area,false,false,outline:no_hit,
Bakery Hill,3350,-37.563,143.866,out_of_area,,out_of_area,false,false,outline:no_hit,
Balaclava,3183,-37.873,144.993,zone_1,zone_1,zone_1,false,false,outline:zone_1,
Bald Hills,3364,-37.4432837,143.8291682,out_of_area,,out_of_area,false,false,outline:no_hit,
Bald Rock,3575,-36.0765,144.128,out_of_area,,out_of_area,false,false,outline:no_hit,
Balintore,3249,-38.2842302,143.5689749,out_of_area,,out_of_area,false,false,outline:no_hit,
Ballan,3342,-37.6146129,144.2415697,out_of_area,,out_of_area,false,false,outline:no_hit,
Ballangeich,3279,-38.1660521,142.575836,out_of_area,,out_of_area,false,false,outline:no_hit,
Ballapur,3483,-35.9721684,142.7503873,out_of_area,,out_of_area,false,false,outline:no_hit,
Ballarat,3350,-37.5691087,143.8563224,out_of_area,,out_of_area,false,false,outline:no_hit,
Ballarat Central,3350,-37.5621587,143.8502556,out_of_area,,out_of_area,false,false,outline:no_hit,
Ballarat East,3350,-37.5632,143.869,out_of_area,,out_of_area,false,false,outline:no_hit,
Ballarat North,3350,-37.5397,143.8676,out_of_area,,out_of_area,false,false,outline:no_hit,
Ballarat Roadside Delivery,3352,-37.5622,143.85,out_of_area,,out_of_area,false,false,outline:no_hit,
Ballarat West,3350,-37.5691087,143.8563224,out_of_area,,out_of_area,false,false,outline:no_hit,
Ballendella,3561,-36.3032416,144.6446873,out_of_area,,out_of_area,false,false,outline:no_hit,
Balliang,3340,-37.8622199,144.3840601,out_of_area,,out_of_area,false,false,outline:no_hit,
Balliang East,3340,-37.793087,144.4344864,out_of_area,,out_of_area,false,false,outline:no_hit,
Ballyrogan,3375,-37.4490043,143.1288947,out_of_area,,out_of_area,false,false,outline:no_hit,
Balmattum,3666,-36.7132029,145.6543908,out_of_area,,out_of_area,false,false,outline:no_hit,
Balmoral,3407,-37.2516966,141.8235525,out_of_area,,out_of_area,false,false,outline:no_hit,
Balnarring,3926,-38.371,145.118,out_of_area,,out_of_area,false,false,outline:no_hit,
Balnarring Beach,3926,-38.3889938,145.1182718,out_of_area,,out_of_area,false,false,outline:no_hit,
Balook,3971,-38.4312045,146.5425534,out_of_area,,out_of_area,false,false,outline:no_hit,
Balwyn,3103,-37.808889,145.078889,zone_1,zone_1,zone_1,false,true,named_by_tom,
Balwyn East,3103,-37.808889,145.078889,zone_1,zone_1,zone_1,false,false,outline:zone_1,
Balwyn North,3104,-37.7941151,145.0879338,zone_1,zone_1,zone_1,false,true,approved_on_map,
Bamawm,3561,-36.2615783,144.5971586,out_of_area,,out_of_area,false,false,outline:no_hit,
Bamawm Extension,3561,-36.2117228,144.6069692,out_of_area,,out_of_area,false,false,outline:no_hit,
Bamawm Extension,3564,-36.2117,144.607,out_of_area,,out_of_area,false,false,outline:no_hit,
Bambra,3241,-38.3667365,143.9448801,out_of_area,,out_of_area,false,false,outline:no_hit,
Bamganie,3333,-37.914215,143.9872451,out_of_area,,out_of_area,false,false,outline:no_hit,
Bandiana,3691,-36.1479,146.927,out_of_area,,out_of_area,false,false,outline:no_hit,
Bandiana,3694,-36.1479054,146.9269017,out_of_area,,out_of_area,false,false,outline:no_hit,
Bandiana Milpo,3694,-36.1432044,146.9213861,out_of_area,,out_of_area,false,false,outline:no_hit,
Bangerang,3393,-36.1907317,142.5333024,out_of_area,,out_of_area,false,false,outline:no_hit,
Bangholme,3175,-38.0453436,145.1702424,zone_4,zone_4,zone_4,false,false,outline:zone_4,
Banksia Peninsula,3875,-37.9518,147.674,out_of_area,,out_of_area,false,false,outline:no_hit,
Bannerton,3549,-34.6792687,142.8430709,out_of_area,,out_of_area,false,false,outline:no_hit,
Bannockburn,3331,-38.05,144.166667,out_of_area,,out_of_area,false,false,outline:no_hit,
Banyan,3485,-35.6103603,142.8198735,out_of_area,,out_of_area,false,false,outline:no_hit,
Banyena,3388,-36.6112868,142.8590647,out_of_area,,out_of_area,false,false,outline:no_hit,
Banyenong,3480,-36.2609932,143.0430383,out_of_area,,out_of_area,false,false,outline:no_hit,
Banyule,3084,-37.7436031,145.0769045,zone_2,zone_2,zone_2,false,false,outline:zone_2,
Baranduda,3691,-36.1933366,146.9496305,out_of_area,,out_of_area,false,false,outline:no_hit,
Bareena,3220,-38.1540975,144.3442725,out_of_area,,out_of_area,false,false,outline:no_hit,
Barfold,3444,-37.091944,144.506111,out_of_area,,out_of_area,false,false,outline:no_hit,
Baringhup,3463,-36.9605286,143.9813554,out_of_area,,out_of_area,false,false,outline:no_hit,
Baringhup West,3463,-36.9792699,143.9028461,out_of_area,,out_of_area,false,false,outline:no_hit,
Barjarg,3723,-36.9242225,145.995043,out_of_area,,out_of_area,false,false,outline:no_hit,
Barkers Creek,3451,-37.0050906,144.221785,out_of_area,,out_of_area,false,false,outline:no_hit,
Barkly,3381,-36.9453536,143.2210793,out_of_area,,out_of_area,false,false,outline:no_hit,
Barkly,3384,-36.9454,143.221,out_of_area,,out_of_area,false,false,outline:no_hit,
Barkstead,3352,-37.4603542,144.0865809,out_of_area,,out_of_area,false,false,outline:no_hit,
Barkstead,3364,-37.4604,144.087,out_of_area,,out_of_area,false,false,outline:no_hit,
Barmah,3639,-36.0175,144.965278,out_of_area,,out_of_area,false,false,outline:no_hit,
Barnadown,3557,-36.6558714,144.515303,out_of_area,,out_of_area,false,false,outline:no_hit,
Barnawartha,3688,-36.112928,146.655462,out_of_area,,out_of_area,false,false,outline:no_hit,
Barnawartha North,3688,-36.0655,146.745,out_of_area,,out_of_area,false,false,outline:no_hit,
Barnawartha North,3691,-36.065526,146.745223,out_of_area,,out_of_area,false,false,outline:no_hit,
Baromi,3871,-38.4024468,146.1770148,out_of_area,,out_of_area,false,false,outline:no_hit,
Baromi,3971,-38.4024,146.177,out_of_area,,out_of_area,false,false,outline:no_hit,
Barongarook,3249,-38.4255405,143.6176937,out_of_area,,out_of_area,false,false,outline:no_hit,
Barongarook West,3249,-38.4388581,143.5527423,out_of_area,,out_of_area,false,false,outline:no_hit,
Barrabool,3221,-38.1605382,144.2484344,out_of_area,,out_of_area,false,false,outline:no_hit,
Barrakee,3525,-36.2914398,143.4666497,out_of_area,,out_of_area,false,false,outline:no_hit,
Barramunga,3249,-38.5770348,143.6874429,out_of_area,,out_of_area,false,false,outline:no_hit,
Barraport,3537,-36.0307362,143.6965895,out_of_area,,out_of_area,false,false,outline:no_hit,
Barraport West,3537,-36.0175961,143.5344625,out_of_area,,out_of_area,false,false,outline:no_hit,
Barrys Reef,3458,-37.4562523,144.3193914,out_of_area,,out_of_area,false,false,outline:no_hit,
Barunah Park,3329,-38.0223718,143.8556892,out_of_area,,out_of_area,false,false,outline:no_hit,
Barunah Plains,3329,-38.0263,143.803,out_of_area,,out_of_area,false,false,outline:no_hit,
Barwidgee,3737,-36.5098367,146.7770185,out_of_area,,out_of_area,false,false,outline:no_hit,
Barwite,3722,-36.9850215,146.1789907,out_of_area,,out_of_area,false,false,outline:no_hit,
Barwon Downs,3243,-38.4705238,143.767428,out_of_area,,out_of_area,false,false,outline:no_hit,
Barwon Heads,3227,-38.2739835,144.4862111,out_of_area,,out_of_area,false,false,outline:no_hit,
Basalt,3460,-37.3088919,144.1038619,out_of_area,,out_of_area,false,false,outline:no_hit,
Bass,3991,-38.4734903,145.4582381,out_of_area,,out_of_area,false,false,outline:no_hit,
Batesford,3213,-38.0899,144.285,out_of_area,,out_of_area,false,false,outline:no_hit,
Batesford,3221,-38.0899186,144.2847434,out_of_area,,out_of_area,false,false,outline:no_hit,
Bathumi,3730,-36.038333,146.084722,out_of_area,,out_of_area,false,false,outline:no_hit,
Batman,3058,-37.7345019,144.9630404,zone_2,zone_2,zone_2,false,false,outline:zone_2,
Baw Baw,3833,-37.7865626,146.0696009,out_of_area,,out_of_area,false,false,outline:no_hit,
Baw Baw Village,3833,-37.8414614,146.2580015,out_of_area,,out_of_area,false,false,outline:no_hit,
Baxter,3911,-38.196,145.157,zone_4,zone_4,zone_4,true,true,named_by_tom,
Bayindeen,3375,-37.3087622,143.1583326,out_of_area,,out_of_area,false,false,outline:no_hit,
Bayles,3981,-38.182,145.575,out_of_area,,out_of_area,false,false,outline:no_hit,
Baynton,3444,-37.1661839,144.6996603,out_of_area,,out_of_area,false,false,outline:no_hit,
Baynton East,3444,-37.119812,144.7138406,out_of_area,,out_of_area,false,false,outline:no_hit,
Bayswater,3153,-37.843,145.268,zone_3,zone_3,zone_3,false,true,approved_on_map,
Bayswater North,3153,-37.827,145.28,zone_3,zone_3,zone_3,false,false,outline:zone_3,
Beaconsfield,3807,-38.049,145.371,zone_3,zone_3,pre_arranged,false,true,approved_on_map,"outline said zone_3, CSV says pre_arranged"
Beaconsfield Upper,3808,-37.9982063,145.4237893,out_of_area,,out_of_area,false,false,outline:no_hit,
Bealiba,3475,-36.8139252,143.535837,out_of_area,,out_of_area,false,false,outline:no_hit,
Bearii,3641,-35.9,145.333333,out_of_area,,out_of_area,false,false,outline:no_hit,
Bears Lagoon,3517,-36.3439954,143.9748939,out_of_area,,out_of_area,false,false,outline:no_hit,
Beauchamp,3579,-35.6119647,143.5989591,out_of_area,,out_of_area,false,false,outline:no_hit,
Beauchamp,3581,-35.6026,143.802,out_of_area,,out_of_area,false,false,outline:no_hit,
Beaufort,3373,-37.4228524,143.3703651,out_of_area,,out_of_area,false,false,outline:no_hit,
Beaumaris,3193,-37.983,145.0434,zone_1,zone_1,zone_1,false,true,approved_on_map,
Beazleys Bridge,3477,-36.702,143.164,out_of_area,,out_of_area,false,false,outline:no_hit,
Beazleys Bridge,3478,-36.7020334,143.1636178,out_of_area,,out_of_area,false,false,outline:no_hit,
Bedford Road,3135,-37.8193028,145.2439204,zone_3,zone_3,zone_3,false,false,outline:zone_3,
Beeac,3251,-38.1772101,143.6420207,out_of_area,,out_of_area,false,false,outline:no_hit,
Beech Forest,3237,-38.633333,143.566667,out_of_area,,out_of_area,false,false,outline:no_hit,
Beechworth,3747,-36.3533015,146.6877247,out_of_area,,out_of_area,false,false,outline:no_hit,
Beenak,3139,-37.8986154,145.6090481,out_of_area,,out_of_area,false,false,outline:no_hit,
Belgrave,3160,-37.912067,145.3558,zone_3,zone_3,zone_3,true,true,named_by_tom,
Belgrave Heights,3160,-37.923,145.34,zone_3,zone_3,zone_3,false,false,outline:zone_3,
Belgrave South,3160,-37.94,145.356,zone_3,zone_3,zone_3,false,false,outline:zone_3,
Bell Bird Creek,3889,-37.6535,148.814,out_of_area,,out_of_area,false,false,outline:no_hit,
Bell Park,3215,-38.11,144.338,out_of_area,,out_of_area,false,false,outline:no_hit,
Bell Post Hill,3215,-38.1,144.328,out_of_area,,out_of_area,false,false,outline:no_hit,
Bellarine,3221,-38.132222,144.619722,out_of_area,,out_of_area,false,false,outline:no_hit,
Bellarine,3223,-38.1322,144.62,out_of_area,,out_of_area,false,false,outline:no_hit,
Bellbird Creek,3889,-37.6535235,148.8137548,out_of_area,,out_of_area,false,false,outline:no_hit,
Bellbrae,3228,-38.333333,144.266667,out_of_area,,out_of_area,false,false,outline:no_hit,
Bellbridge,3691,-36.098056,147.058889,out_of_area,,out_of_area,false,false,outline:no_hit,
Bellellen,3380,-37.1263346,142.6824015,out_of_area,,out_of_area,false,false,outline:no_hit,
Bellellen,3381,-37.1263,142.682,out_of_area,,out_of_area,false,false,outline:no_hit,
Bellfield,3081,-37.754,145.045,zone_2,zone_2,zone_2,false,false,outline:zone_2,
Bellfield,3381,-37.2249895,142.4893306,out_of_area,,out_of_area,false,false,outline:no_hit,
Bells Beach,3228,-38.366944,144.284722,out_of_area,,out_of_area,false,false,outline:no_hit,
Bellview,3945,-38.381582,145.697053,out_of_area,,out_of_area,false,false,outline:no_hit,
Belmont,3216,-38.173,144.341,out_of_area,,out_of_area,false,false,outline:no_hit,
Belvedere Park,3198,-38.1101715,145.1469057,zone_4,zone_4,zone_4,false,false,outline:zone_4,
Bemm River,3889,-37.7590189,148.9606122,out_of_area,,out_of_area,false,false,outline:no_hit,
Ben Nevis,3377,-37.2283,143.201,out_of_area,,out_of_area,false,false,outline:no_hit,
Bena,3946,-38.4506894,145.7245012,out_of_area,,out_of_area,false,false,outline:no_hit,
Benalla,3672,-36.6181709,145.9804173,out_of_area,,out_of_area,false,false,outline:no_hit,
Benalla,3673,-36.5462,145.963,out_of_area,,out_of_area,false,false,outline:no_hit,
Benalla West,3672,-36.5556311,145.9733001,out_of_area,,out_of_area,false,false,outline:no_hit,
Benambra,3900,-36.9180065,147.7736105,out_of_area,,out_of_area,false,false,outline:no_hit,
Benarch,3630,-36.4616,145.558,out_of_area,,out_of_area,false,false,outline:no_hit,
Benayeo,3319,-36.8507348,141.0955096,out_of_area,,out_of_area,false,false,outline:no_hit,
Bend Of Islands,3097,-37.6980733,145.2756505,out_of_area,,out_of_area,false,false,outline:no_hit,
Bendigo,3550,-36.764269,144.2786,out_of_area,,out_of_area,false,false,outline:no_hit,
Bendigo Forward,3551,-36.757,144.279,out_of_area,,out_of_area,false,false,outline:no_hit,
Bendigo South,3550,-36.7764913,144.2982905,out_of_area,,out_of_area,false,false,outline:no_hit,
Bendoc,3888,-37.1347462,148.9105482,out_of_area,,out_of_area,false,false,outline:no_hit,
Bengworden,3875,-37.9749719,147.4629594,out_of_area,,out_of_area,false,false,outline:no_hit,
Benjeroop,3579,-35.4988701,143.8288607,out_of_area,,out_of_area,false,false,outline:no_hit,
Benloch,3435,-37.2029416,144.6862995,out_of_area,,out_of_area,false,false,outline:no_hit,
Bennettswood,3125,-37.854515,145.118974,zone_1,zone_1,zone_1,false,false,outline:zone_1,
Bennison,3960,-38.6707482,146.2733747,out_of_area,,out_of_area,false,false,outline:no_hit,
Bentleigh,3204,-37.9224386,145.0410079,zone_1,zone_1,zone_1,false,true,approved_on_map,
Bentleigh East,3165,-37.9174873,145.0658766,zone_1,zone_1,zone_1,false,false,outline:zone_1,
Benwerrin,3235,-38.4865203,143.9130375,out_of_area,,out_of_area,false,false,outline:no_hit,
Beremboke,3342,-37.783333,144.25,out_of_area,,out_of_area,false,false,outline:no_hit,
Berrambool,3379,-36.8798,149.909,out_of_area,,out_of_area,false,false,outline:no_hit,
Berrimal,3518,-36.4821643,143.5022376,out_of_area,,out_of_area,false,false,outline:no_hit,
Berrimal West,3478,-36.4896,143.433,out_of_area,,out_of_area,false,false,outline:no_hit,
Berringa,3351,-37.7760414,143.6840179,out_of_area,,out_of_area,false,false,outline:no_hit,
Berringama,3691,-36.2164826,147.6541763,out_of_area,,out_of_area,false,false,outline:no_hit,
Berriwillock,3531,-35.6392202,142.9909246,out_of_area,,out_of_area,false,false,outline:no_hit,
Berrybank,3323,-37.9825676,143.4763603,out_of_area,,out_of_area,false,false,outline:no_hit,
Berrys Creek,3953,-38.41889,146.080755,out_of_area,,out_of_area,false,false,outline:no_hit,
Berwick,3806,-38.0309443,145.3437469,zone_3,zone_3,zone_3,false,true,named_by_tom,
Bessiebelle,3304,-38.1598513,141.9705844,out_of_area,,out_of_area,false,false,outline:no_hit,
Bet Bet,3472,-36.9217288,143.7531872,out_of_area,,out_of_area,false,false,outline:no_hit,
Bete Bolong,3888,-37.7092607,148.3937975,out_of_area,,out_of_area,false,false,outline:no_hit,
Bete Bolong North,3888,-37.5892422,148.290893,out_of_area,,out_of_area,false,false,outline:no_hit,
Bethanga,3691,-36.1374717,147.0837049,out_of_area,,out_of_area,false,false,outline:no_hit,
Betley,3472,-36.9182683,143.7965958,out_of_area,,out_of_area,false,false,outline:no_hit,
Beulah,3395,-35.938056,142.42,out_of_area,,out_of_area,false,false,outline:no_hit,
Beverford,3590,-35.2285875,143.4662269,out_of_area,,out_of_area,false,false,outline:no_hit,
Beveridge,3753,-37.4822825,144.9832134,out_of_area,,out_of_area,false,false,outline:no_hit,
Big Desert,3490,-35.6209,141.485,out_of_area,,out_of_area,false,false,outline:no_hit,
Big Hill,3231,-38.480278,144.005,out_of_area,,out_of_area,false,false,outline:no_hit,
Big Hill,3232,-38.4803,144.005,out_of_area,,out_of_area,false,false,outline:no_hit,
Big Hill,3555,-36.8335675,144.2394389,out_of_area,,out_of_area,false,false,outline:no_hit,
Big Pats Creek,3799,-37.7638978,145.750833,out_of_area,,out_of_area,false,false,outline:no_hit,
Biggara,3707,-36.3200378,148.0371007,out_of_area,,out_of_area,false,false,outline:no_hit,
Billabong,3858,-37.2589,146.828,out_of_area,,out_of_area,false,false,outline:no_hit,
Bimbourie,3533,-35.3120424,142.7691482,out_of_area,,out_of_area,false,false,outline:no_hit,
Bindi,3896,-37.1429517,147.8151071,out_of_area,,out_of_area,false,false,outline:no_hit,
Binginwarri,3966,-38.5970662,146.4544127,out_of_area,,out_of_area,false,false,outline:no_hit,
Bingo,3898,-37.0162321,147.5748824,out_of_area,,out_of_area,false,false,outline:no_hit,
Bingo Munjie,3898,-37.0162321,147.5748824,out_of_area,,out_of_area,false,false,outline:no_hit,
Birchip,3483,-35.9833179,142.9145594,out_of_area,,out_of_area,false,false,outline:no_hit,
Birchip West,3483,-36.0436803,142.8076291,out_of_area,,out_of_area,false,false,outline:no_hit,
Birdwoodton,3505,-34.196389,142.058611,out_of_area,,out_of_area,false,false,outline:no_hit,
Birregurra,3242,-38.3300725,143.8128803,out_of_area,,out_of_area,false,false,outline:no_hit,
Bittern,3918,-38.3329437,145.165179,out_of_area,,out_of_area,false,false,outline:no_hit,
Black Hill,3350,-37.5502577,143.875336,out_of_area,,out_of_area,false,false,outline:no_hit,
Black Range,3381,-37.1415,142.802,out_of_area,,out_of_area,false,false,outline:no_hit,
Black Rock,3193,-37.972,145.021,zone_1,zone_1,zone_1,false,false,outline:zone_1,
Black Rock North,3193,-37.966993,145.017093,zone_1,zone_1,zone_1,false,false,outline:zone_1,
Blackburn,3130,-37.8197129,145.1530529,zone_1,zone_1,zone_1,false,true,approved_on_map,
Blackburn North,3130,-37.8064051,145.1586444,zone_1,zone_1,zone_1,false,false,outline:zone_1,
Blackburn South,3130,-37.838,145.144,zone_1,zone_1,zone_1,false,false,outline:zone_1,
Blackheath,3401,-36.4877414,142.3244986,out_of_area,,out_of_area,false,false,outline:no_hit,
Blackwarry,3844,-38.4193287,146.606259,out_of_area,,out_of_area,false,false,outline:no_hit,
Blackwood,3458,-37.4834268,144.3026601,out_of_area,,out_of_area,false,false,outline:no_hit,
Blackwood Forest,3992,-38.496757,145.613081,out_of_area,,out_of_area,false,false,outline:no_hit,
Blairgowrie,3942,-38.3645949,144.7686693,pre_arranged,Mount Martha to Portsea,pre_arranged,false,true,approved_on_map,
Blakeville,3342,-37.5008056,144.2105217,out_of_area,,out_of_area,false,false,outline:no_hit,
Blampied,3364,-37.366667,144.05,out_of_area,,out_of_area,false,false,outline:no_hit,
Blind Bight,3980,-38.2138627,145.339912,out_of_area,,out_of_area,false,false,outline:no_hit,
Blowhard,3352,-37.434517,143.7911684,out_of_area,,out_of_area,false,false,outline:no_hit,
Bo Peep,3351,-37.5310454,143.6742331,out_of_area,,out_of_area,false,false,outline:no_hit,
Bobinawarrah,3678,-36.5119792,146.4782938,out_of_area,,out_of_area,false,false,outline:no_hit,
Bochara,3301,-37.6993137,141.8991762,out_of_area,,out_of_area,false,false,outline:no_hit,
Bogong,3699,-36.8025742,147.2241735,out_of_area,,out_of_area,false,false,outline:no_hit,
Boho,3669,-36.6787636,145.7752094,out_of_area,,out_of_area,false,false,outline:no_hit,
Boho South,3669,-36.7972508,145.7929572,out_of_area,,out_of_area,false,false,outline:no_hit,
Boigbeat,3531,-35.5622958,142.9364681,out_of_area,,out_of_area,false,false,outline:no_hit,
Boinka,3490,-35.2044399,141.5929146,out_of_area,,out_of_area,false,false,outline:no_hit,
Boisdale,3860,-37.8840703,146.9945377,out_of_area,,out_of_area,false,false,outline:no_hit,
Bolangum,3381,-36.7216988,142.9935072,out_of_area,,out_of_area,false,false,outline:no_hit,
Bolangum,3387,-36.7217,142.994,out_of_area,,out_of_area,false,false,outline:no_hit,
Bolinda,3432,-37.439438,144.7741635,out_of_area,,out_of_area,false,false,outline:no_hit,
Bolton,3546,-34.967947,142.8799207,out_of_area,,out_of_area,false,false,outline:no_hit,
Bolwarra,3305,-38.2844214,141.6092866,out_of_area,,out_of_area,false,false,outline:no_hit,
Bolwarrah,3352,-37.5207531,144.0830163,out_of_area,,out_of_area,false,false,outline:no_hit,
Bona Vista,3820,-38.2075076,145.963705,out_of_area,,out_of_area,false,false,outline:no_hit,
Bonang,3888,-37.1764711,148.6825219,out_of_area,,out_of_area,false,false,outline:no_hit,
Bonbeach,3196,-38.062,145.12,zone_4,zone_4,zone_4,false,true,approved_on_map,
Bonegilla,3691,-36.1304904,146.9865317,out_of_area,,out_of_area,false,false,outline:no_hit,
Boneo,3939,-38.413,144.888,out_of_area,,out_of_area,false,false,outline:no_hit,
Bonn,3561,-36.4099,144.733,out_of_area,,out_of_area,false,false,outline:no_hit,
Bonnie Brook,3335,-37.6914,144.66,out_of_area,,out_of_area,false,false,outline:no_hit,
Bonnie Doon,3720,-37.0207039,145.8690603,out_of_area,,out_of_area,false,false,outline:no_hit,
Bonshaw,3352,-37.6035,143.816,out_of_area,,out_of_area,false,false,outline:no_hit,
Bonshaw,3356,-37.6034859,143.8155947,out_of_area,,out_of_area,false,false,outline:no_hit,
Bookaar,3260,-38.1501749,143.1309121,out_of_area,,out_of_area,false,false,outline:no_hit,
Boola,3825,-38.0485684,146.4605619,out_of_area,,out_of_area,false,false,outline:no_hit,
Boolarong,3960,-38.5813154,146.2387806,out_of_area,,out_of_area,false,false,outline:no_hit,
Boolarra,3870,-38.383333,146.266667,out_of_area,,out_of_area,false,false,outline:no_hit,
Boolarra South,3870,-38.419077,146.2666008,out_of_area,,out_of_area,false,false,outline:no_hit,
Boole Poole,3880,-37.8993247,147.7902372,out_of_area,,out_of_area,false,false,outline:no_hit,
Boolite,3392,-36.3422,142.666,out_of_area,,out_of_area,false,false,outline:no_hit,
Boolite,3480,-36.3422079,142.6663706,out_of_area,,out_of_area,false,false,outline:no_hit,
Boomahnoomoonah,3728,-36.1379842,146.0803668,out_of_area,,out_of_area,false,false,outline:no_hit,
Boonah,3235,-38.4220465,143.960275,out_of_area,,out_of_area,false,false,outline:no_hit,
Booran Road Po,3163,-37.896,145.036,zone_1,zone_1,zone_1,false,false,outline:zone_1,
Boorcan,3265,-38.218356,143.0448854,out_of_area,,out_of_area,false,false,outline:no_hit,
Boorhaman,3678,-36.2319711,146.3048179,out_of_area,,out_of_area,false,false,outline:no_hit,
Boorhaman East,3678,-36.1502928,146.2932875,out_of_area,,out_of_area,false,false,outline:no_hit,
Boorhaman North,3685,-36.0937184,146.2234366,out_of_area,,out_of_area,false,false,outline:no_hit,
Boorolite,3723,-37.1355776,146.2181999,out_of_area,,out_of_area,false,false,outline:no_hit,
Boorool,3953,-38.4463913,146.0378905,out_of_area,,out_of_area,false,false,outline:no_hit,
Boort,3537,-36.1169559,143.7250526,out_of_area,,out_of_area,false,false,outline:no_hit,
Boosey,3730,-36.0030907,145.7964042,out_of_area,,out_of_area,false,false,outline:no_hit,
Boralma,3682,-36.2465182,146.404078,out_of_area,,out_of_area,false,false,outline:no_hit,
Bornes Hill,3379,-37.5848686,142.581128,out_of_area,,out_of_area,false,false,outline:no_hit,
Boronia,3155,-37.8610682,145.2867055,zone_3,zone_3,zone_3,false,true,approved_on_map,
Borung,3518,-36.308012,143.8037198,out_of_area,,out_of_area,false,false,outline:no_hit,
Bostocks Creek,3260,-38.3019538,143.1164553,out_of_area,,out_of_area,false,false,outline:no_hit,
Botanic Ridge,3977,-38.144,145.267,out_of_area,,out_of_area,false,false,outline:no_hit,
Boundary Bend,3599,-34.7507483,143.1104044,out_of_area,,out_of_area,false,false,outline:no_hit,
Bowenvale,3465,-36.9961863,143.698961,out_of_area,,out_of_area,false,false,outline:no_hit,
Boweya,3675,-36.2159557,146.1265609,out_of_area,,out_of_area,false,false,outline:no_hit,
Boweya North,3675,-36.2159557,146.1265609,out_of_area,,out_of_area,false,false,outline:no_hit,
Bowmans Forest,3735,-36.4694093,146.6377088,out_of_area,,out_of_area,false,false,outline:no_hit,
Bowser,3678,-36.30639,146.3628409,out_of_area,,out_of_area,false,false,outline:no_hit,
Box Hill,3128,-37.8181073,145.1238563,zone_1,zone_1,zone_1,false,true,named_by_tom,
Box Hill Central,3128,-37.8181073,145.1238563,zone_1,zone_1,zone_1,false,false,outline:zone_1,
Box Hill North,3129,-37.8083033,145.125759,zone_1,zone_1,zone_1,false,false,outline:zone_1,
Box Hill South,3128,-37.836,145.124,zone_1,zone_1,zone_1,false,false,outline:zone_1,
Boxwood,3725,-36.308272,145.7884151,out_of_area,,out_of_area,false,false,outline:no_hit,
Bradford,3463,-36.9292943,144.0883677,out_of_area,,out_of_area,false,false,outline:no_hit,
Bradvale,3361,-37.7902778,143.3127046,out_of_area,,out_of_area,false,false,outline:no_hit,
Braeside,3195,-38,145.125,zone_4,zone_4,zone_4,false,false,outline:zone_4,
Branditt,3630,-36.3601935,145.4019719,out_of_area,,out_of_area,false,false,outline:no_hit,
Branditt,3631,-36.5315858,145.3456866,out_of_area,,out_of_area,false,false,outline:no_hit,
Brandon Park,3150,-37.9145,145.169,zone_3,zone_3,zone_3,false,false,outline:zone_3,
Brandy Creek,3821,-38.1006308,145.9163703,out_of_area,,out_of_area,false,false,outline:no_hit,
Branxholme,3302,-37.8604777,141.7988033,out_of_area,,out_of_area,false,false,outline:no_hit,
Bravington,3821,-38.0837116,145.9219378,out_of_area,,out_of_area,false,false,outline:no_hit,
Braybrook,3019,-37.7903679,144.8566207,zone_5,zone_5,zone_5,false,true,named_by_tom,
Braybrook North,3019,-37.7903679,144.8566207,zone_5,zone_5,zone_5,false,false,outline:zone_5,
Breakaway Creek,3303,-38.0137602,141.8096919,out_of_area,,out_of_area,false,false,outline:no_hit,
Breakwater,3219,-38.182,144.375,out_of_area,,out_of_area,false,false,outline:no_hit,
Breamlea,3227,-38.3,144.383333,out_of_area,,out_of_area,false,false,outline:no_hit,
Brenanah,3517,-36.5576225,143.6992998,out_of_area,,out_of_area,false,false,outline:no_hit,
Brentford Square,3131,-37.8370056,145.1840103,zone_1,zone_1,zone_1,false,false,outline:zone_1,
Brewster,3352,-37.5186998,143.5200413,out_of_area,,out_of_area,false,false,outline:no_hit,
Briagolong,3860,-37.822072,147.0717292,out_of_area,,out_of_area,false,false,outline:no_hit,
Briar Hill,3088,-37.708,145.115,out_of_area,,out_of_area,false,false,outline:no_hit,
Bridge Creek,3723,-36.9540594,146.1205023,out_of_area,,out_of_area,false,false,outline:no_hit,
Bridge Inn,3380,-37.0517769,142.7777088,out_of_area,,out_of_area,false,false,outline:no_hit,
Bridgewater,3516,-36.6047192,143.9405609,out_of_area,,out_of_area,false,false,outline:no_hit,
Bridgewater North,3516,-36.5547664,143.9983577,out_of_area,,out_of_area,false,false,outline:no_hit,
Bridgewater On Loddon,3516,-36.6047192,143.9405609,out_of_area,,out_of_area,false,false,outline:no_hit,
Bright,3741,-36.7321521,146.9836221,out_of_area,,out_of_area,false,false,outline:no_hit,
Brighton,3186,-37.9044002,144.9997396,zone_1,zone_1,zone_1,false,true,approved_on_map,
Brighton East,3187,-37.9179439,145.0190242,zone_1,zone_1,zone_1,false,false,outline:zone_1,
Brighton North,3186,-37.903623,145.004905,zone_1,zone_1,zone_1,false,false,outline:zone_1,
Brighton Road,3184,-37.8765417,144.9923384,zone_1,zone_1,zone_1,false,false,outline:zone_1,
Brim,3391,-36.0562538,142.4252353,out_of_area,,out_of_area,false,false,outline:no_hit,
Brimboal,3312,-37.3764603,141.3924197,out_of_area,,out_of_area,false,false,outline:no_hit,
Brimin,3685,-36.0670425,146.3047796,out_of_area,,out_of_area,false,false,outline:no_hit,
Brimpaen,3400,-37.0255,142.206,out_of_area,,out_of_area,false,false,outline:no_hit,
Brimpaen,3401,-37.0254527,142.2064967,out_of_area,,out_of_area,false,false,outline:no_hit,
Bringalbert,3319,-36.8707068,141.1415349,out_of_area,,out_of_area,false,false,outline:no_hit,
Brit Brit,3315,-37.4123739,141.7416806,out_of_area,,out_of_area,false,false,outline:no_hit,
Broadford,3658,-37.2110528,145.063089,out_of_area,,out_of_area,false,false,outline:no_hit,
Broadlands,3875,-37.8468121,147.6799159,out_of_area,,out_of_area,false,false,outline:no_hit,
Broadmeadows,3047,-37.6860869,144.9269889,out_of_area,,out_of_area,false,true,approved_on_map,
Broadwater,3301,-38.1376982,142.0288242,out_of_area,,out_of_area,false,false,outline:no_hit,
Brodribb River,3888,-37.7784742,148.5439613,out_of_area,,out_of_area,false,false,outline:no_hit,
Broken Creek,3673,-36.4324114,145.8861029,out_of_area,,out_of_area,false,false,outline:no_hit,
Bromley,3472,-36.8857797,143.7891332,out_of_area,,out_of_area,false,false,outline:no_hit,
Brookfield,3338,-37.6999038,144.5382417,out_of_area,,out_of_area,false,false,outline:no_hit,
Brooklyn,3012,-37.8173492,144.8465361,zone_5,zone_5,zone_5,false,true,approved_on_map,
Brookville,3896,-37.3125256,147.640009,out_of_area,,out_of_area,false,false,outline:no_hit,
Broomfield,3364,-37.3862675,143.905224,out_of_area,,out_of_area,false,false,outline:no_hit,
Broughton,3418,-36.1486994,141.3473436,out_of_area,,out_of_area,false,false,outline:no_hit,
Brown Hill,3350,-37.5495,143.9125,out_of_area,,out_of_area,false,false,outline:no_hit,
Browns Plains,3685,-36.0554544,146.6366569,out_of_area,,out_of_area,false,false,outline:no_hit,
Bruarong,3749,-36.4246056,146.9068284,out_of_area,,out_of_area,false,false,outline:no_hit,
Bruces Creek,3757,-37.5191073,145.125666,out_of_area,,out_of_area,false,false,outline:no_hit,
Brucknell,3268,-38.4659878,142.9043021,out_of_area,,out_of_area,false,false,outline:no_hit,
Brumby,3885,-37.0161,148.07,out_of_area,,out_of_area,false,false,outline:no_hit,
Brunswick,3056,-37.7666099,144.9584302,zone_2,zone_2,zone_2,false,true,approved_on_map,
Brunswick East,3057,-37.769412,144.9804594,zone_2,zone_2,zone_2,false,false,outline:zone_2,
Brunswick Lower,3056,-37.7666099,144.9584302,zone_2,zone_2,zone_2,false,false,outline:zone_2,
Brunswick North,3056,-37.7579505,144.9638343,zone_2,zone_2,zone_2,false,false,outline:zone_2,
Brunswick South,3055,-37.7723275,144.9495859,zone_2,zone_2,zone_2,false,false,outline:zone_2,
Brunswick West,3055,-37.761,144.9419122,zone_2,zone_2,zone_2,false,false,outline:zone_2,
Bruthen,3885,-37.7135193,147.8339017,out_of_area,,out_of_area,false,false,outline:no_hit,
Buangor,3375,-37.3759756,143.1581525,out_of_area,,out_of_area,false,false,outline:no_hit,
Buchan,3885,-37.5121541,148.165845,out_of_area,,out_of_area,false,false,outline:no_hit,
Buchan South,3885,-37.539995,148.1239027,out_of_area,,out_of_area,false,false,outline:no_hit,
Buckland,3740,-36.7500523,146.8796103,out_of_area,,out_of_area,false,false,outline:no_hit,
Buckley,3240,-38.2444345,144.0895595,out_of_area,,out_of_area,false,false,outline:no_hit,
Buckley Swamp,3301,-37.8582975,142.0834692,out_of_area,,out_of_area,false,false,outline:no_hit,
Buckrabanyule,3525,-36.3391603,143.5965629,out_of_area,,out_of_area,false,false,outline:no_hit,
Budgee Budgee,3862,-37.5459,147.096,out_of_area,,out_of_area,false,false,outline:no_hit,
Budgeree,3870,-38.4201593,146.3411655,out_of_area,,out_of_area,false,false,outline:no_hit,
Budgeree East,3870,-38.45,146.38,out_of_area,,out_of_area,false,false,outline:no_hit,
Budgerum East,3579,-35.7701957,143.6518434,out_of_area,,out_of_area,false,false,outline:no_hit,
Buffalo,3958,-38.6765966,146.013851,out_of_area,,out_of_area,false,false,outline:no_hit,
Buffalo Creek,3958,-38.6592993,146.0196197,out_of_area,,out_of_area,false,false,outline:no_hit,
Buffalo River,3737,-36.618382,146.6815213,out_of_area,,out_of_area,false,false,outline:no_hit,
Bulart,3314,-37.5305772,141.9979873,out_of_area,,out_of_area,false,false,outline:no_hit,
Buldah,3890,-37.2788614,149.1440045,out_of_area,,out_of_area,false,false,outline:no_hit,
Bulga,3586,-35.3048165,143.345083,out_of_area,,out_of_area,false,false,outline:no_hit,
Bulgana,3377,-37.142,142.997,out_of_area,,out_of_area,false,false,outline:no_hit,
Bulla,3428,-37.6342319,144.7961441,out_of_area,,out_of_area,false,false,outline:no_hit,
Bullabul,3517,-36.616,143.893,out_of_area,,out_of_area,false,false,outline:no_hit,
Bullaharre,3266,-38.347841,143.137301,out_of_area,,out_of_area,false,false,outline:no_hit,
Bullarook,3352,-37.5295427,143.9988766,out_of_area,,out_of_area,false,false,outline:no_hit,
Bullarto,3461,-37.3990211,144.2125766,out_of_area,,out_of_area,false,false,outline:no_hit,
Bullarto South,3461,-37.4233362,144.2187155,out_of_area,,out_of_area,false,false,outline:no_hit,
Bulleen,3105,-37.7660476,145.0879338,zone_2,zone_2,zone_2,false,true,approved_on_map,
Bulleen South,3105,-37.7748,145.092,zone_2,zone_2,zone_2,false,false,outline:zone_2,
Bullengarook,3437,-37.516667,144.483333,out_of_area,,out_of_area,false,false,outline:no_hit,
Bullioh,3700,-36.1937039,147.3858095,out_of_area,,out_of_area,false,false,outline:no_hit,
Bullumwaal,3875,-37.6716417,147.5657205,out_of_area,,out_of_area,false,false,outline:no_hit,
Buln Buln,3821,-38.083333,145.933333,out_of_area,,out_of_area,false,false,outline:no_hit,
Buln Buln East,3821,-38.07216,146.0082778,out_of_area,,out_of_area,false,false,outline:no_hit,
Bumberrah,3902,-37.7900179,147.8339099,out_of_area,,out_of_area,false,false,outline:no_hit,
Bunbartha,3634,-36.2409082,145.3537565,out_of_area,,out_of_area,false,false,outline:no_hit,
Bundalaguah,3851,-38.0307598,147.0217285,out_of_area,,out_of_area,false,false,outline:no_hit,
Bundalong,3730,-36.02935,146.1302674,out_of_area,,out_of_area,false,false,outline:no_hit,
Bundalong South,3730,-36.096111,146.189444,out_of_area,,out_of_area,false,false,outline:no_hit,
Bundara,3898,-36.9778224,147.3397643,out_of_area,,out_of_area,false,false,outline:no_hit,
Bunding,3342,-37.5452578,144.1744187,out_of_area,,out_of_area,false,false,outline:no_hit,
Bundoora,3083,-37.6987006,145.0548502,out_of_area,,out_of_area,false,true,named_by_tom,
Bung Bong,3465,-37.066667,143.616667,out_of_area,,out_of_area,false,false,outline:no_hit,
Bungador,3260,-38.4117481,143.3364551,out_of_area,,out_of_area,false,false,outline:no_hit,
Bungal,3334,-37.72556,144.1113546,out_of_area,,out_of_area,false,false,outline:no_hit,
Bungalally,3401,-36.8027444,142.2822128,out_of_area,,out_of_area,false,false,outline:no_hit,
Bungaree,3352,-37.557222,144.004444,out_of_area,,out_of_area,false,false,outline:no_hit,
Bungeet,3726,-36.2864353,146.0531617,out_of_area,,out_of_area,false,false,outline:no_hit,
Bungeet West,3726,-36.3602582,146.0135026,out_of_area,,out_of_area,false,false,outline:no_hit,
Bungil,3691,-36.0473064,147.342353,out_of_area,,out_of_area,false,false,outline:no_hit,
Bunguluke,3527,-36.067963,143.3808229,out_of_area,,out_of_area,false,false,outline:no_hit,
Buninyong,3357,-37.6521937,143.8943543,out_of_area,,out_of_area,false,false,outline:no_hit,
Bunkers Hill,3352,-37.5705876,143.7423389,out_of_area,,out_of_area,false,false,outline:no_hit,
Bunyip,3815,-38.1000508,145.7189396,out_of_area,,out_of_area,false,false,outline:no_hit,
Bunyip North,3815,-38.0738337,145.7467832,out_of_area,,out_of_area,false,false,outline:no_hit,
Buragwonduc,3858,-37.4909,146.771,out_of_area,,out_of_area,false,false,outline:no_hit,
Burkes Bridge,3568,-35.8544786,144.3245139,out_of_area,,out_of_area,false,false,outline:no_hit,
Burkes Flat,3475,-36.6460383,143.5388796,out_of_area,,out_of_area,false,false,outline:no_hit,
Burnbank,3371,-37.2340916,143.608978,out_of_area,,out_of_area,false,false,outline:no_hit,
Burnewang,3558,-36.4859172,144.6285047,out_of_area,,out_of_area,false,false,outline:no_hit,
Burnley,3121,-37.8296728,145.0126479,zone_1,zone_1,zone_1,false,false,outline:zone_1,
Burnley North,3121,-37.8160149,145.0089483,zone_1,zone_1,zone_1,false,false,outline:zone_1,
Burnside,3023,-37.753,144.754,pre_arranged,north-west and west,pre_arranged,false,false,outline:north-west and west,
Burnside Heights,3023,-37.727,144.76,pre_arranged,north-west and west,pre_arranged,false,false,outline:north-west and west,
Burramboot,3559,-36.5326,144.786,out_of_area,,out_of_area,false,false,outline:no_hit,
Burramine,3730,-35.9976137,145.9184581,out_of_area,,out_of_area,false,false,outline:no_hit,
Burramine South,3730,-36.0782522,145.8665293,out_of_area,,out_of_area,false,false,outline:no_hit,
Burrowye,3709,-36.0183679,147.5444299,out_of_area,,out_of_area,false,false,outline:no_hit,
Burrumbeet,3352,-37.5093344,143.6783343,out_of_area,,out_of_area,false,false,outline:no_hit,
Burwood,3125,-37.8483275,145.1099967,zone_1,zone_1,zone_1,false,true,approved_on_map,
Burwood East,3151,-37.8552869,145.1513801,zone_1,zone_1,zone_1,false,false,outline:zone_1,
Burwood Heights,3151,-37.8552869,145.1513801,zone_1,zone_1,zone_1,false,false,outline:zone_1,
Bushfield,3281,-38.3282508,142.5158563,out_of_area,,out_of_area,false,false,outline:no_hit,
Bushy Park,3860,-37.8381502,147.0030727,out_of_area,,out_of_area,false,false,outline:no_hit,
Butchers Ridge,3885,-37.2471181,148.2507284,out_of_area,,out_of_area,false,false,outline:no_hit,
Buxton,3711,-37.430404,145.702282,out_of_area,,out_of_area,false,false,outline:no_hit,
Byaduk,3301,-37.935171,141.9652923,out_of_area,,out_of_area,false,false,outline:no_hit,
Byaduk North,3300,-37.8859808,141.9338792,out_of_area,,out_of_area,false,false,outline:no_hit,
Byawatha,3678,-36.2872867,146.4730626,out_of_area,,out_of_area,false,false,outline:no_hit,
Byrneside,3617,-36.4005389,145.1706992,out_of_area,,out_of_area,false,false,outline:no_hit,
Cabanandra,3888,-37.0999706,148.6910549,out_of_area,,out_of_area,false,false,outline:no_hit,
Cabarita,3505,-34.2,142.083,out_of_area,,out_of_area,false,false,outline:no_hit,
Cabbage Tree,3364,-37.4533589,143.9012537,out_of_area,,out_of_area,false,false,outline:no_hit,
Cabbage Tree Creek,3889,-37.6983515,148.715807,out_of_area,,out_of_area,false,false,outline:no_hit,
Cadello,3442,-37.3033974,144.5272851,out_of_area,,out_of_area,false,false,outline:no_hit,
Cairnlea,3023,-37.7578477,144.7913339,pre_arranged,north-west and west,pre_arranged,false,false,outline:north-west and west,
Calder Park,3037,-37.679,144.762,out_of_area,,out_of_area,false,false,outline:no_hit,
Caldermeade,3984,-38.2380228,145.576448,out_of_area,,out_of_area,false,false,outline:no_hit,
California Gully,3556,-36.7303149,144.2620417,out_of_area,,out_of_area,false,false,outline:no_hit,
Calivil,3573,-36.2892964,144.097732,out_of_area,,out_of_area,false,false,outline:no_hit,
Callawadda,3381,-36.8193211,142.8105079,out_of_area,,out_of_area,false,false,outline:no_hit,
Callawadda,3387,-36.8193,142.811,out_of_area,,out_of_area,false,false,outline:no_hit,
Callignee,3844,-38.323816,146.5796363,out_of_area,,out_of_area,false,false,outline:no_hit,
Callignee North,3844,-38.3200613,146.6040519,out_of_area,,out_of_area,false,false,outline:no_hit,
Callignee South,3844,-38.3756,146.614,out_of_area,,out_of_area,false,false,outline:no_hit,
Calrossie,3971,-38.5015718,146.6682205,out_of_area,,out_of_area,false,false,outline:no_hit,
Calulu,3875,-37.7818188,147.5193106,out_of_area,,out_of_area,false,false,outline:no_hit,
Cambarville,3779,-37.6105261,146.0129789,out_of_area,,out_of_area,false,false,outline:no_hit,
Camberwell,3124,-37.8334095,145.0658766,zone_1,zone_1,zone_1,false,true,approved_on_map,
Camberwell East,3126,-37.8251441,145.0693815,zone_1,zone_1,zone_1,false,false,outline:zone_1,
Camberwell North,3124,-37.8243246,145.0581423,zone_1,zone_1,zone_1,false,false,outline:zone_1,
Camberwell South,3124,-37.8334095,145.0658766,zone_1,zone_1,zone_1,false,false,outline:zone_1,
Camberwell West,3124,-37.8438471,145.0540534,zone_1,zone_1,zone_1,false,false,outline:zone_1,
Cambrian Hill,3352,-37.6438973,143.8183092,out_of_area,,out_of_area,false,false,outline:no_hit,
Campaspe West,3564,-36.1207246,144.7451914,out_of_area,,out_of_area,false,false,outline:no_hit,
Campbellfield,3061,-37.665113,144.955677,out_of_area,,out_of_area,false,false,outline:no_hit,
Campbells Bridge,3381,-36.9183936,142.7833974,out_of_area,,out_of_area,false,false,outline:no_hit,
Campbells Bridge,3387,-36.9184,142.783,out_of_area,,out_of_area,false,false,outline:no_hit,
Campbells Creek,3451,-37.1,144.2,out_of_area,,out_of_area,false,false,outline:no_hit,
Campbells Forest,3556,-36.5985124,144.1151013,out_of_area,,out_of_area,false,false,outline:no_hit,
Campbelltown,3364,-37.2154796,143.945319,out_of_area,,out_of_area,false,false,outline:no_hit,
Camperdown,3260,-38.2355272,143.1426455,out_of_area,,out_of_area,false,false,outline:no_hit,
Canadian,3350,-37.576,143.877,out_of_area,,out_of_area,false,false,outline:no_hit,
Canary Island,3537,-36.0104707,143.8733361,out_of_area,,out_of_area,false,false,outline:no_hit,
Caniambo,3630,-36.4572843,145.6197031,out_of_area,,out_of_area,false,false,outline:no_hit,
Cann River,3890,-37.566667,149.15,out_of_area,,out_of_area,false,false,outline:no_hit,
Cannie,3540,-35.7545959,143.4441754,out_of_area,,out_of_area,false,false,outline:no_hit,
Cannons Creek,3977,-38.213,145.315,out_of_area,,out_of_area,false,false,outline:no_hit,
Cannum,3393,-36.2862041,142.222762,out_of_area,,out_of_area,false,false,outline:no_hit,
Canterbury,3126,-37.8245223,145.0741474,zone_1,zone_1,zone_1,false,false,outline:zone_1,
Cape Bridgewater,3305,-38.3012904,141.4062156,out_of_area,,out_of_area,false,false,outline:no_hit,
Cape Clear,3351,-37.7609792,143.6057911,out_of_area,,out_of_area,false,false,outline:no_hit,
Cape Conran,3888,-37.7927389,148.7188591,out_of_area,,out_of_area,false,false,outline:no_hit,
Cape Otway,3233,-38.8340286,143.5240583,out_of_area,,out_of_area,false,false,outline:no_hit,
Cape Paterson,3995,-38.6717,145.6198,out_of_area,,out_of_area,false,false,outline:no_hit,
Cape Schanck,3939,-38.461,144.905,out_of_area,,out_of_area,false,false,outline:no_hit,
Cape Woolamai,3925,-38.526111,145.336944,out_of_area,,out_of_area,false,false,outline:no_hit,
Capel Sound,3940,-38.3745,144.879,pre_arranged,Mount Martha to Portsea,pre_arranged,false,false,outline:Mount Martha to Portsea,
Capels Crossing,3579,-35.6196211,143.912358,out_of_area,,out_of_area,false,false,outline:no_hit,
Carag Carag,3623,-36.45697,144.9236773,out_of_area,,out_of_area,false,false,outline:no_hit,
Caralulup,3371,-37.1966231,143.638027,out_of_area,,out_of_area,false,false,outline:no_hit,
Caramut,3274,-37.9386771,142.5105224,out_of_area,,out_of_area,false,false,outline:no_hit,
Carapooee,3477,-36.7202,143.298,out_of_area,,out_of_area,false,false,outline:no_hit,
Carapooee,3478,-36.7201734,143.2978752,out_of_area,,out_of_area,false,false,outline:no_hit,
Carapooee West,3477,-36.7325,143.267,out_of_area,,out_of_area,false,false,outline:no_hit,
Carapooee West,3478,-36.7324712,143.2668778,out_of_area,,out_of_area,false,false,outline:no_hit,
Carapook,3312,-37.5191978,141.5488547,out_of_area,,out_of_area,false,false,outline:no_hit,
Carboor,3678,-36.6023424,146.5133073,out_of_area,,out_of_area,false,false,outline:no_hit,
Cardigan,3352,-37.538708,143.7457289,out_of_area,,out_of_area,false,false,outline:no_hit,
Cardigan Village,3352,-37.517945,143.7084479,out_of_area,,out_of_area,false,false,outline:no_hit,
Cardinia,3978,-38.147,145.423,out_of_area,,out_of_area,false,false,outline:no_hit,
Cardross,3496,-34.3,142.15,out_of_area,,out_of_area,false,false,outline:no_hit,
Cargerie,3334,-37.8133636,143.9592552,out_of_area,,out_of_area,false,false,outline:no_hit,
Carina,3512,-35.2141613,141.0951097,out_of_area,,out_of_area,false,false,outline:no_hit,
Caringal,3825,-37.9935883,146.3457099,out_of_area,,out_of_area,false,false,outline:no_hit,
Carisbrook,3464,-37.0150311,143.8454596,out_of_area,,out_of_area,false,false,outline:no_hit,
Carlisle River,3239,-38.5183602,143.4196309,out_of_area,,out_of_area,false,false,outline:no_hit,
Carlsruhe,3442,-37.283333,144.5,out_of_area,,out_of_area,false,false,outline:no_hit,
Carlton,3053,-37.798389,144.9694441,zone_2,zone_2,zone_2,false,true,approved_on_map,
Carlton North,3054,-37.788805,144.9719823,zone_2,zone_2,zone_2,false,false,outline:zone_2,
Carlton South,3053,-37.804246,144.9660172,zone_2,zone_2,zone_2,false,false,outline:zone_2,
Carlyle,3685,-36.013283,146.4754933,out_of_area,,out_of_area,false,false,outline:no_hit,
Carlyle,3687,-36.0163,146.439,out_of_area,,out_of_area,false,false,outline:no_hit,
Carnegie,3163,-37.8891994,145.0570577,zone_1,zone_1,zone_1,false,false,outline:zone_1,
Carngham,3351,-37.5769958,143.5639019,out_of_area,,out_of_area,false,false,outline:no_hit,
Caroline Springs,3023,-37.745,144.74,pre_arranged,north-west and west,pre_arranged,false,true,named_by_tom,
Carpendeit,3260,-38.3774194,143.2672147,out_of_area,,out_of_area,false,false,outline:no_hit,
Carrajung,3844,-38.366667,146.683333,out_of_area,,out_of_area,false,false,outline:no_hit,
Carrajung Lower,3844,-38.3825,146.761,out_of_area,,out_of_area,false,false,outline:no_hit,
Carrajung South,3844,-38.3871,146.799,out_of_area,,out_of_area,false,false,outline:no_hit,
Carrajung South,3874,-38.3871131,146.7991439,out_of_area,,out_of_area,false,false,outline:no_hit,
Carranballac,3361,-37.7039692,143.1887679,out_of_area,,out_of_area,false,false,outline:no_hit,
Carron,3480,-36.2838631,142.7439213,out_of_area,,out_of_area,false,false,outline:no_hit,
Carrum,3197,-38.076,145.122,zone_4,zone_4,zone_4,false,true,approved_on_map,
Carrum Downs,3201,-38.0975353,145.1706992,zone_4,zone_4,zone_4,false,true,approved_on_map,
Carwarp,3494,-34.4593153,142.2033193,out_of_area,,out_of_area,false,false,outline:no_hit,
Cashmore,3305,-38.3112505,141.4824946,out_of_area,,out_of_area,false,false,outline:no_hit,
Cassilis,3898,-37.2109679,147.5988028,out_of_area,,out_of_area,false,false,outline:no_hit,
Castella,3777,-37.524722,145.433333,out_of_area,,out_of_area,false,false,outline:no_hit,
Casterton,3311,-37.583333,141.4,out_of_area,,out_of_area,false,false,outline:no_hit,
Castle Creek,3691,-36.1888471,146.8254903,out_of_area,,out_of_area,false,false,outline:no_hit,
Castle Donnington,3585,-35.4185703,143.6044718,out_of_area,,out_of_area,false,false,outline:no_hit,
Castleburn,3862,-37.576172,147.179993,out_of_area,,out_of_area,false,false,outline:no_hit,
Castlemaine,3450,-37.058136,144.2185006,out_of_area,,out_of_area,false,false,outline:no_hit,
Catani,3981,-38.183333,145.65,out_of_area,,out_of_area,false,false,outline:no_hit,
Cathcart,3377,-37.2951571,142.8873059,out_of_area,,out_of_area,false,false,outline:no_hit,
Cathkin,3714,-37.1550013,145.5777492,out_of_area,,out_of_area,false,false,outline:no_hit,
Catumnal,3537,-36.076324,143.6183305,out_of_area,,out_of_area,false,false,outline:no_hit,
Caulfield,3162,-37.884,145.0266,zone_1,zone_1,zone_1,false,true,approved_on_map,
Caulfield East,3145,-37.8791959,145.0444397,zone_1,zone_1,zone_1,false,false,outline:zone_1,
Caulfield Junction,3161,-37.874538,145.0245296,zone_1,zone_1,zone_1,false,false,outline:zone_1,
Caulfield North,3161,-37.8712631,145.0190242,zone_1,zone_1,zone_1,false,false,outline:zone_1,
Caulfield South,3162,-37.891,145.026,zone_1,zone_1,zone_1,false,false,outline:zone_1,
Caveat,3660,-37.0557415,145.4824736,out_of_area,,out_of_area,false,false,outline:no_hit,
Cavendish,3314,-37.516667,142.033333,out_of_area,,out_of_area,false,false,outline:no_hit,
Central Park,3145,-37.8683193,145.0442351,zone_1,zone_1,zone_1,false,false,outline:zone_1,
Ceres,3221,-38.1590503,144.2640892,out_of_area,,out_of_area,false,false,outline:no_hit,
Chadstone,3148,-37.8819831,145.0989646,zone_1,zone_1,zone_1,false,false,outline:zone_1,
Chadstone Centre,3148,-37.8858532,145.0847703,zone_1,zone_1,zone_1,false,false,outline:zone_1,
Chandlers Creek,3890,-37.334385,149.2043105,out_of_area,,out_of_area,false,false,outline:no_hit,
Chapel Flat,3352,-37.4779898,143.8946145,out_of_area,,out_of_area,false,false,outline:no_hit,
Chapel Street North,3141,-37.8417659,144.9951571,zone_1,zone_1,zone_1,false,false,outline:zone_1,
Chapple Vale,3239,-38.6192303,143.2982122,out_of_area,,out_of_area,false,false,outline:no_hit,
Charam,3318,-36.9817316,141.512051,out_of_area,,out_of_area,false,false,outline:no_hit,
Charlemont,3217,-38.218,144.367,out_of_area,,out_of_area,false,false,outline:no_hit,
Charleroi,3695,-36.2896032,147.1242215,out_of_area,,out_of_area,false,false,outline:no_hit,
Charlton,3525,-36.2678624,143.3510486,out_of_area,,out_of_area,false,false,outline:no_hit,
Chartwell,3030,-37.7935,144.764,pre_arranged,north-west and west,pre_arranged,false,false,outline:north-west and west,
Chatsworth,3379,-37.875012,142.6202813,out_of_area,,out_of_area,false,false,outline:no_hit,
Chelsea,3196,-38.051111,145.121944,zone_4,zone_4,zone_4,false,true,approved_on_map,
Chelsea Heights,3196,-38.047,145.137,zone_4,zone_4,zone_4,false,true,approved_on_map,
Cheltenham,3192,-37.964155,145.0658766,zone_1,zone_1,zone_1,false,true,approved_on_map,
Cheltenham East,3192,-37.964155,145.0658766,zone_1,zone_1,zone_1,false,false,outline:zone_1,
Cheltenham North,3192,-37.9532145,145.0629927,zone_1,zone_1,zone_1,false,false,outline:zone_1,
Chepstowe,3351,-37.6214122,143.505079,out_of_area,,out_of_area,false,false,outline:no_hit,
Cherokee,3434,-37.383333,144.633333,out_of_area,,out_of_area,false,false,outline:no_hit,
Cherrilong,3874,-38.58,146.88,out_of_area,,out_of_area,false,false,outline:no_hit,
Cherrypool,3401,-37.1332658,142.1673332,out_of_area,,out_of_area,false,false,outline:no_hit,
Cheshunt,3678,-36.7981846,146.427897,out_of_area,,out_of_area,false,false,outline:no_hit,
Cheshunt South,3678,-36.921498,146.4220082,out_of_area,,out_of_area,false,false,outline:no_hit,
Chesney Vale,3725,-36.4135912,146.0870297,out_of_area,,out_of_area,false,false,outline:no_hit,
Chetwynd,3312,-37.336413,141.4170098,out_of_area,,out_of_area,false,false,outline:no_hit,
Chewton,3451,-37.083333,144.266667,out_of_area,,out_of_area,false,false,outline:no_hit,
Chewton Bushlands,3451,-37.0783424,144.2893459,out_of_area,,out_of_area,false,false,outline:no_hit,
Childers,3824,-38.3017794,146.1086461,out_of_area,,out_of_area,false,false,outline:no_hit,
Chillingollah,3585,-35.2627454,143.0529175,out_of_area,,out_of_area,false,false,outline:no_hit,
Chiltern,3683,-36.15,146.6,out_of_area,,out_of_area,false,false,outline:no_hit,
Chiltern Valley,3683,-36.1478692,146.5584937,out_of_area,,out_of_area,false,false,outline:no_hit,
Chinangin,3544,-35.5235843,143.1831744,out_of_area,,out_of_area,false,false,outline:no_hit,
Chinkapook,3546,-35.1909919,142.9480585,out_of_area,,out_of_area,false,false,outline:no_hit,
Chintin,3756,-37.3906207,144.8344934,out_of_area,,out_of_area,false,false,outline:no_hit,
Chirnside Park,3116,-37.7373267,145.3088196,zone_3,zone_3,zone_3,true,true,approved_on_map,
Chirrip,3525,-36.1675,143.157,out_of_area,,out_of_area,false,false,outline:no_hit,
Chocolyn,3260,-38.1923272,143.2042487,out_of_area,,out_of_area,false,false,outline:no_hit,
Christies,3962,-35.135,138.477,out_of_area,,out_of_area,false,false,outline:no_hit,
Christmas Hills,3775,-37.6515,145.3173,out_of_area,,out_of_area,false,false,outline:no_hit,
Chum Creek,3777,-37.606,145.488,out_of_area,,out_of_area,false,false,outline:no_hit,
Churchill,3842,-38.3219988,146.4160017,out_of_area,,out_of_area,false,false,outline:no_hit,
Churchill Island,3925,-38.4997104,145.33812,out_of_area,,out_of_area,false,false,outline:no_hit,
Chute,3373,-37.3385903,143.3868959,out_of_area,,out_of_area,false,false,outline:no_hit,
Clarendon,3352,-37.701411,143.9813542,out_of_area,,out_of_area,false,false,outline:no_hit,
Claretown,3352,-37.5252597,144.0357785,out_of_area,,out_of_area,false,false,outline:no_hit,
Clarinda,3169,-37.941,145.103,zone_1,zone_1,zone_1,false,false,outline:zone_1,
Clarkefield,3430,-37.497542,144.8071366,out_of_area,,out_of_area,false,false,outline:no_hit,
Clarkes Hill,3352,-37.4968556,143.9813542,out_of_area,,out_of_area,false,false,outline:no_hit,
Clayton,3168,-37.9211962,145.1320653,zone_1,zone_1,zone_1,false,true,named_by_tom,
Clayton South,3169,-37.9388113,145.1267061,zone_1,zone_1,zone_1,false,false,outline:zone_1,
Clear Lake,3401,-36.9182,141.883,out_of_area,,out_of_area,false,false,outline:no_hit,
Clear Lake,3409,-36.9181646,141.883318,out_of_area,,out_of_area,false,false,outline:no_hit,
Clematis,3782,-37.9322058,145.4222435,out_of_area,,out_of_area,false,false,outline:no_hit,
Clifton Creek,3875,-37.7114587,147.691206,out_of_area,,out_of_area,false,false,outline:no_hit,
Clifton Hill,3068,-37.7877787,145.0002125,zone_2,zone_2,zone_2,false,false,outline:zone_2,
Clifton Springs,3222,-38.1515545,144.5738608,out_of_area,,out_of_area,false,false,outline:no_hit,
Clonbinane,3658,-37.2110528,145.063089,out_of_area,,out_of_area,false,false,outline:no_hit,
Clover Flat,3315,-37.5999098,141.5527992,out_of_area,,out_of_area,false,false,outline:no_hit,
Cloverlea,3822,-38.2566511,146.0002671,out_of_area,,out_of_area,false,false,outline:no_hit,
Club Terrace,3889,-37.5187171,148.9303017,out_of_area,,out_of_area,false,false,outline:no_hit,
Clunes,3370,-37.296,143.786,out_of_area,,out_of_area,false,false,outline:no_hit,
Clyde,3978,-38.132,145.327,pre_arranged,Cranbourne to Pakenham,pre_arranged,false,true,named_by_tom,
Clyde North,3978,-38.1062834,145.3484256,pre_arranged,Cranbourne to Pakenham,pre_arranged,false,true,approved_on_map,
Clydebank,3851,-38.0463162,147.1474819,out_of_area,,out_of_area,false,false,outline:no_hit,
Clydesdale,3461,-37.1708854,144.0902405,out_of_area,,out_of_area,false,false,outline:no_hit,
Coalville,3825,-38.2402733,146.2649916,out_of_area,,out_of_area,false,false,outline:no_hit,
Coatesville,3165,-37.9201018,145.0736344,zone_1,zone_1,zone_1,false,false,outline:zone_1,
Cobains,3851,-38.0791967,147.1231644,out_of_area,,out_of_area,false,false,outline:no_hit,
Cobaw,3442,-37.266667,144.633333,out_of_area,,out_of_area,false,false,outline:no_hit,
Cobbannah,3862,-37.705174,147.3162797,out_of_area,,out_of_area,false,false,outline:no_hit,
Cobberas,3900,-36.8515428,148.0918337,out_of_area,,out_of_area,false,false,outline:no_hit,
Cobblebank,3338,-37.7062,144.602,out_of_area,,out_of_area,false,false,outline:no_hit,
Cobden,3266,-38.320519,143.0828766,out_of_area,,out_of_area,false,false,outline:no_hit,
Cobram,3644,-35.966667,145.65,out_of_area,,out_of_area,false,false,outline:no_hit,
Cobram East,3644,-35.968929,145.7140853,out_of_area,,out_of_area,false,false,outline:no_hit,
Cobrico,3266,-38.2814403,143.0220515,out_of_area,,out_of_area,false,false,outline:no_hit,
Cobungra,3898,-37.0881747,147.403641,out_of_area,,out_of_area,false,false,outline:no_hit,
Coburg,3058,-37.7412988,144.9666108,zone_2,zone_2,zone_2,false,true,named_by_tom,
Coburg North,3058,-37.726,144.96,zone_2,zone_2,zone_2,false,false,outline:zone_2,
Cocamba,3546,-35.1169363,142.8945483,out_of_area,,out_of_area,false,false,outline:no_hit,
Cochranes Creek,3475,-36.6909213,143.5862259,out_of_area,,out_of_area,false,false,outline:no_hit,
Cockatoo,3781,-37.935,145.492,out_of_area,,out_of_area,false,false,outline:no_hit,
Cocoroc,3030,-37.9686685,144.6215012,out_of_area,,out_of_area,false,false,outline:no_hit,
Codrington,3285,-38.2561037,141.9397094,out_of_area,,out_of_area,false,false,outline:no_hit,
Coghills Creek,3364,-37.381445,143.7546247,out_of_area,,out_of_area,false,false,outline:no_hit,
Cohuna,3568,-35.8149095,144.2095074,out_of_area,,out_of_area,false,false,outline:no_hit,
Coimadai,3340,-37.604118,144.446526,out_of_area,,out_of_area,false,false,outline:no_hit,
Cokum,3542,-35.7546836,143.2568631,out_of_area,,out_of_area,false,false,outline:no_hit,
Colac,3250,-38.3410186,143.5854622,out_of_area,,out_of_area,false,false,outline:no_hit,
Colac Colac,3707,-36.2274141,147.8481414,out_of_area,,out_of_area,false,false,outline:no_hit,
Colac East,3250,-38.3325068,143.6204013,out_of_area,,out_of_area,false,false,outline:no_hit,
Colac West,3250,-38.3315126,143.5473322,out_of_area,,out_of_area,false,false,outline:no_hit,
Colbinabbin,3559,-36.6083452,144.7724465,out_of_area,,out_of_area,false,false,outline:no_hit,
Colbrook,3342,-37.5312432,144.2154229,out_of_area,,out_of_area,false,false,outline:no_hit,
Coldstream,3770,-37.734,145.383,out_of_area,,out_of_area,false,true,approved_on_map,
Coleraine,3315,-37.6,141.7,out_of_area,,out_of_area,false,false,outline:no_hit,
Colignan,3494,-34.55,142.383333,out_of_area,,out_of_area,false,false,outline:no_hit,
Collingwood,3066,-37.8009595,144.9873447,zone_2,zone_2,zone_2,false,true,approved_on_map,
Collingwood North,3066,-37.8009595,144.9873447,zone_2,zone_2,zone_2,false,false,outline:zone_2,
Colliver,3630,-36.4016861,145.4012972,out_of_area,,out_of_area,false,false,outline:no_hit,
Combienbar,3889,-37.4059446,149.008783,out_of_area,,out_of_area,false,false,outline:no_hit,
Comet Hill,3556,-36.6478,144.194,out_of_area,,out_of_area,false,false,outline:no_hit,
Concongella,3381,-37.0371132,142.8185427,out_of_area,,out_of_area,false,false,outline:no_hit,
Concongella,3384,-37.0371,142.819,out_of_area,,out_of_area,false,false,outline:no_hit,
Condah,3303,-37.963272,141.8001231,out_of_area,,out_of_area,false,false,outline:no_hit,
Condah Swamp,3286,-37.9720069,141.8364257,out_of_area,,out_of_area,false,false,outline:no_hit,
Condah Swamp,3303,-38.0167,141.833,out_of_area,,out_of_area,false,false,outline:no_hit,
Congupna,3633,-36.2927129,145.480396,out_of_area,,out_of_area,false,false,outline:no_hit,
Connangorach,3401,-36.9609,142.024,out_of_area,,out_of_area,false,false,outline:no_hit,
Connewarre,3227,-38.2640693,144.4623088,out_of_area,,out_of_area,false,false,outline:no_hit,
Connewirricoo,3318,-37.1898525,141.4450684,out_of_area,,out_of_area,false,false,outline:no_hit,
Coojar,3315,-37.3510534,141.6908535,out_of_area,,out_of_area,false,false,outline:no_hit,
Coolaroo,3048,-37.6562333,144.9364069,out_of_area,,out_of_area,false,false,outline:no_hit,
Cooma,3616,-36.4189846,145.0607078,out_of_area,,out_of_area,false,false,outline:no_hit,
Coomboona,3629,-36.2562044,145.2625246,out_of_area,,out_of_area,false,false,outline:no_hit,
Coomoora,3461,-37.3318362,144.1965497,out_of_area,,out_of_area,false,false,outline:no_hit,
Coongulla,3860,-37.8863058,146.7854467,out_of_area,,out_of_area,false,false,outline:no_hit,
Coonooer Bridge,3477,-36.4712,143.319,out_of_area,,out_of_area,false,false,outline:no_hit,
Coonooer Bridge,3478,-36.4711528,143.318772,out_of_area,,out_of_area,false,false,outline:no_hit,
Coonooer West,3477,-36.4077,143.25,out_of_area,,out_of_area,false,false,outline:no_hit,
Coonooer West,3478,-36.4076896,143.2502265,out_of_area,,out_of_area,false,false,outline:no_hit,
Coopers Creek,3825,-37.9886448,146.4243982,out_of_area,,out_of_area,false,false,outline:no_hit,
Cooriemungle,3268,-38.5459508,143.1120852,out_of_area,,out_of_area,false,false,outline:no_hit,
Cope Cope,3480,-36.4595313,142.964233,out_of_area,,out_of_area,false,false,outline:no_hit,
Cora Lynn,3814,-38.145278,145.605833,out_of_area,,out_of_area,false,false,outline:no_hit,
Corack,3480,-36.1989563,143.026752,out_of_area,,out_of_area,false,false,outline:no_hit,
Corack East,3480,-36.1676174,143.1091543,out_of_area,,out_of_area,false,false,outline:no_hit,
Coragulac,3249,-38.263392,143.5365131,out_of_area,,out_of_area,false,false,outline:no_hit,
Coral Bank,3691,-36.6134912,147.1036831,out_of_area,,out_of_area,false,false,outline:no_hit,
Corindhap,3352,-37.8704673,143.749458,out_of_area,,out_of_area,false,false,outline:no_hit,
Corinella,3984,-38.4242265,145.463777,out_of_area,,out_of_area,false,false,outline:no_hit,
Corio,3214,-38.0741368,144.358638,out_of_area,,out_of_area,false,false,outline:no_hit,
Corndale,3311,-37.5462099,141.3122901,out_of_area,,out_of_area,false,false,outline:no_hit,
Cornelia Creek,3622,-36.2466264,144.8358882,out_of_area,,out_of_area,false,false,outline:no_hit,
Cornella,3551,-36.7126769,144.7723228,out_of_area,,out_of_area,false,false,outline:no_hit,
Cornishtown,3683,-36.1030334,146.5609463,out_of_area,,out_of_area,false,false,outline:no_hit,
Coronet Bay,3984,-38.433333,145.45,out_of_area,,out_of_area,false,false,outline:no_hit,
Corop,3559,-36.4803585,144.78584,out_of_area,,out_of_area,false,false,outline:no_hit,
Corop West,3558,-36.4803585,144.78584,out_of_area,,out_of_area,false,false,outline:no_hit,
Cororooke,3254,-38.2962142,143.5256956,out_of_area,,out_of_area,false,false,outline:no_hit,
Corringle,3888,-37.7824449,148.4433762,out_of_area,,out_of_area,false,false,outline:no_hit,
Corryong,3707,-36.1966523,147.9023498,out_of_area,,out_of_area,false,false,outline:no_hit,
Corunnun,3249,-38.2845425,143.4932523,out_of_area,,out_of_area,false,false,outline:no_hit,
Cosgrove,3631,-36.3573136,145.6210903,out_of_area,,out_of_area,false,false,outline:no_hit,
Cosgrove South,3631,-36.4233265,145.6474522,out_of_area,,out_of_area,false,false,outline:no_hit,
Costerfield,3523,-36.866095,144.7817187,out_of_area,,out_of_area,false,false,outline:no_hit,
Cotham,3101,-37.8086079,145.0459578,zone_1,zone_1,zone_1,false,false,outline:zone_1,
Cotswold,3465,-37.1542638,143.8865426,out_of_area,,out_of_area,false,false,outline:no_hit,
Cottles Bridge,3099,-37.622,145.219,out_of_area,,out_of_area,false,false,outline:no_hit,
Cowa,3862,-37.3889,147.18,out_of_area,,out_of_area,false,false,outline:no_hit,
Cowangie,3506,-35.1766811,141.3679914,out_of_area,,out_of_area,false,false,outline:no_hit,
Cowes,3922,-38.451111,145.241944,out_of_area,,out_of_area,false,false,outline:no_hit,
Cowleys Creek,3268,-38.5076961,143.0347708,out_of_area,,out_of_area,false,false,outline:no_hit,
Cowwarr,3857,-38.0132354,146.6850587,out_of_area,,out_of_area,false,false,outline:no_hit,
Craigie,3465,-37.0952972,143.7820105,out_of_area,,out_of_area,false,false,outline:no_hit,
Craigieburn,3064,-37.594,144.934,out_of_area,,out_of_area,false,true,approved_on_map,
Cranbourne,3977,-38.105,145.279,pre_arranged,Cranbourne to Pakenham,pre_arranged,false,true,approved_on_map,
Cranbourne East,3977,-38.1163346,145.307612,pre_arranged,Cranbourne to Pakenham,pre_arranged,false,false,outline:Cranbourne to Pakenham,
Cranbourne North,3977,-38.07,145.291,pre_arranged,Cranbourne to Pakenham,pre_arranged,false,false,outline:Cranbourne to Pakenham,
Cranbourne South,3977,-38.1581064,145.2535448,out_of_area,,out_of_area,false,false,outline:no_hit,
Cranbourne West,3977,-38.1021731,145.2535448,pre_arranged,Cranbourne to Pakenham,pre_arranged,false,false,outline:Cranbourne to Pakenham,
Creek Junction,3669,-36.818865,145.8138652,out_of_area,,out_of_area,false,false,outline:no_hit,
Creek View,3551,-36.6975,144.328,out_of_area,,out_of_area,false,false,outline:no_hit,
Creek View,3558,-36.6975214,144.3282345,out_of_area,,out_of_area,false,false,outline:no_hit,
Creighton,3666,-36.7742293,145.4916348,out_of_area,,out_of_area,false,false,outline:no_hit,
Creightons Creek,3666,-36.8567727,145.5337363,out_of_area,,out_of_area,false,false,outline:no_hit,
Cremorne,3121,-37.83,144.993,zone_1,zone_1,zone_1,false,false,outline:zone_1,
Cressy,3322,-38.0526438,143.6285244,out_of_area,,out_of_area,false,false,outline:no_hit,
Creswick,3363,-37.4241222,143.8912368,out_of_area,,out_of_area,false,false,outline:no_hit,
Creswick North,3363,-37.3877647,143.8838257,out_of_area,,out_of_area,false,false,outline:no_hit,
Crib Point,3919,-38.3534427,145.1983055,out_of_area,,out_of_area,false,false,outline:no_hit,
Cromer,3193,-37.9845182,145.0450888,zone_1,zone_1,zone_1,false,false,outline:zone_1,
Crookayan,3858,-37.4841,146.621,out_of_area,,out_of_area,false,false,outline:no_hit,
Crooked River,3862,-37.3140719,147.1018714,out_of_area,,out_of_area,false,false,outline:no_hit,
Cross Keys,3041,-37.7263,144.897,zone_2,zone_2,zone_2,false,false,outline:zone_2,
Cross Roads,3373,-37.5012181,143.2287385,out_of_area,,out_of_area,false,false,outline:no_hit,
Crossley,3283,-38.3042515,142.321598,out_of_area,,out_of_area,false,false,outline:no_hit,
Crossover,3821,-38.0664599,145.9635748,out_of_area,,out_of_area,false,false,outline:no_hit,
Crowlands,3377,-37.1498396,143.1093525,out_of_area,,out_of_area,false,false,outline:no_hit,
Croxton East,3301,-37.7916962,142.2104797,out_of_area,,out_of_area,false,false,outline:no_hit,
Croydon,3136,-37.794384,145.2815432,zone_3,zone_3,zone_3,true,true,named_by_tom,
Croydon Hills,3136,-37.775,145.266,zone_3,zone_3,zone_3,false,false,outline:zone_3,
Croydon North,3136,-37.767,145.287,zone_3,zone_3,zone_3,true,true,approved_on_map,
Croydon South,3136,-37.814,145.271,zone_3,zone_3,zone_3,false,false,outline:zone_3,
Crymelon,3393,-36.1542452,142.2686813,out_of_area,,out_of_area,false,false,outline:no_hit,
Crystal Creek,3714,-37.2735215,145.6366011,out_of_area,,out_of_area,false,false,outline:no_hit,
Cudgee,3265,-38.342961,142.6227692,out_of_area,,out_of_area,false,false,outline:no_hit,
Cudgewa,3705,-36.1622621,147.8026919,out_of_area,,out_of_area,false,false,outline:no_hit,
Culgoa,3530,-35.7178452,143.1040248,out_of_area,,out_of_area,false,false,outline:no_hit,
Culla,3315,-37.2167208,141.5166504,out_of_area,,out_of_area,false,false,outline:no_hit,
Cullen,3568,-35.797159,144.1595323,out_of_area,,out_of_area,false,false,outline:no_hit,
Cullulleraine,3496,-34.1905541,141.6192258,out_of_area,,out_of_area,false,false,outline:no_hit,
Cundare,3251,-38.1345,143.594,out_of_area,,out_of_area,false,false,outline:no_hit,
Cundare North,3251,-38.1099644,143.558644,out_of_area,,out_of_area,false,false,outline:no_hit,
Curdie Vale,3268,-38.5083,142.899,out_of_area,,out_of_area,false,false,outline:no_hit,
Curdies River,3268,-38.4503739,142.9438661,out_of_area,,out_of_area,false,false,outline:no_hit,
Curdievale,3268,-38.5083135,142.8994409,out_of_area,,out_of_area,false,false,outline:no_hit,
Curlewis,3222,-38.1767277,144.5327632,out_of_area,,out_of_area,false,false,outline:no_hit,
Curyo,3483,-35.8092938,142.7648698,out_of_area,,out_of_area,false,false,outline:no_hit,
Dadswells Bridge,3385,-36.915833,142.511111,out_of_area,,out_of_area,false,false,outline:no_hit,
Dahlen,3401,-36.6467,142.144,out_of_area,,out_of_area,false,false,outline:no_hit,
Daisy Hill,3465,-37.1132303,143.7261205,out_of_area,,out_of_area,false,false,outline:no_hit,
Dales Creek,3341,-37.5236148,144.3016359,out_of_area,,out_of_area,false,false,outline:no_hit,
Dallas,3047,-37.668,144.94,out_of_area,,out_of_area,false,false,outline:no_hit,
Dalmore,3981,-38.19,145.425,out_of_area,,out_of_area,false,false,outline:no_hit,
Daltons Bridge,3568,-35.8284695,144.2899818,out_of_area,,out_of_area,false,false,outline:no_hit,
Dalyenong,3477,-36.8214,143.414,out_of_area,,out_of_area,false,false,outline:no_hit,
Dalyston,3992,-38.5648841,145.5342757,out_of_area,,out_of_area,false,false,outline:no_hit,
Dandenong,3175,-37.9847811,145.2139907,zone_3,zone_3,zone_3,false,true,named_by_tom,
Dandenong East,3175,-37.9847811,145.2139907,zone_3,zone_3,zone_3,false,false,outline:zone_3,
Dandenong North,3175,-37.9592436,145.206837,zone_3,zone_3,zone_3,false,false,outline:zone_3,
Dandenong South,3175,-38.0146698,145.2153096,zone_3,zone_3,zone_3,false,true,named_by_tom,
Dandongadale,3737,-36.911853,146.6999205,out_of_area,,out_of_area,false,false,outline:no_hit,
Dargo,3862,-37.4619237,147.2510078,out_of_area,,out_of_area,false,false,outline:no_hit,
Darkbonee,3478,-37.0021,143.283,out_of_area,,out_of_area,false,false,outline:no_hit,
Darley,3340,-37.654722,144.437222,out_of_area,,out_of_area,false,false,outline:no_hit,
Darlimurla,3871,-38.4148139,146.2122654,out_of_area,,out_of_area,false,false,outline:no_hit,
Darling,3145,-37.876934,145.0593667,zone_1,zone_1,zone_1,false,false,outline:zone_1,
Darling South,3145,-37.8774,145.059,zone_1,zone_1,zone_1,false,false,outline:zone_1,
Darlington,3271,-38.0042786,143.0129871,out_of_area,,out_of_area,false,false,outline:no_hit,
Darnum,3822,-38.183333,146.016667,out_of_area,,out_of_area,false,false,outline:no_hit,
Darraweit Guim,3756,-37.4,144.9,out_of_area,,out_of_area,false,false,outline:no_hit,
Darriman,3851,-38.4036751,146.839377,out_of_area,,out_of_area,false,false,outline:no_hit,
Dartmoor,3304,-37.9143894,141.2730001,out_of_area,,out_of_area,false,false,outline:no_hit,
Dartmouth,3701,-36.5324694,147.4961766,out_of_area,,out_of_area,false,false,outline:no_hit,
Dawson,3858,-37.9680283,146.6951743,out_of_area,,out_of_area,false,false,outline:no_hit,
Daylesford,3460,-37.35,144.15,out_of_area,,out_of_area,false,false,outline:no_hit,
Deakin University,3217,-37.8474187,145.1149861,zone_1,zone_1,zone_1,false,false,outline:zone_1,
Dean,3352,-37.4489,143.996,out_of_area,,out_of_area,false,false,outline:no_hit,
Dean,3363,-37.4488929,143.9956369,out_of_area,,out_of_area,false,false,outline:no_hit,
Deans Marsh,3235,-38.383333,143.883333,out_of_area,,out_of_area,false,false,outline:no_hit,
Deanside,3336,-37.7215,144.663,out_of_area,,out_of_area,false,false,outline:no_hit,
Deddick Valley,3888,-37.0804727,148.4112283,out_of_area,,out_of_area,false,false,outline:no_hit,
Dederang,3691,-36.4738806,147.0175042,out_of_area,,out_of_area,false,false,outline:no_hit,
Deep Creek Nsw 2460 Corryong,3707,-36.3200378,148.0371007,out_of_area,,out_of_area,false,false,outline:no_hit,
Deep Lead,3381,-36.9973752,142.6988565,out_of_area,,out_of_area,false,false,outline:no_hit,
Deep Lead,3385,-36.9974,142.699,out_of_area,,out_of_area,false,false,outline:no_hit,
Deepdene,3103,-37.8131,145.068,zone_1,zone_1,zone_1,false,false,outline:zone_1,
Deepdene Dc,3103,-37.8107,145.065,zone_1,zone_1,zone_1,false,false,outline:zone_1,
Deer Park,3023,-37.7702749,144.7747728,pre_arranged,north-west and west,pre_arranged,false,true,approved_on_map,
Deer Park East,3022,-37.7776716,144.7988921,pre_arranged,north-west and west,pre_arranged,false,false,outline:north-west and west,
Deer Park North,3023,-37.7561,144.7735655,pre_arranged,north-west and west,pre_arranged,false,false,outline:north-west and west,
Delacombe,3356,-37.589,143.814,out_of_area,,out_of_area,false,false,outline:no_hit,
Delahey,3037,-37.719,144.777,pre_arranged,north-west and west,pre_arranged,false,false,outline:north-west and west,
Delatite,3723,-37.1400757,146.1648024,out_of_area,,out_of_area,false,false,outline:no_hit,
Delburn,3871,-38.3188255,146.2264351,out_of_area,,out_of_area,false,false,outline:no_hit,
Delegate River,3888,-37.0634,148.798,out_of_area,,out_of_area,false,false,outline:no_hit,
Delegate River East,3888,-37.0634036,148.7979127,out_of_area,,out_of_area,false,false,outline:no_hit,
Dellicknora,3888,-37.114129,148.671541,out_of_area,,out_of_area,false,false,outline:no_hit,
Dendy,3186,-37.9196902,144.9950292,zone_1,zone_1,zone_1,false,false,outline:zone_1,
Denicull Creek,3377,-37.3538415,142.966476,out_of_area,,out_of_area,false,false,outline:no_hit,
Denison,3858,-38.0254826,146.8423556,out_of_area,,out_of_area,false,false,outline:no_hit,
Dennington,3280,-38.355833,142.441389,out_of_area,,out_of_area,false,false,outline:no_hit,
Denver,3461,-37.285937,144.2866151,out_of_area,,out_of_area,false,false,outline:no_hit,
Deptford,3875,-37.5662068,147.6883849,out_of_area,,out_of_area,false,false,outline:no_hit,
Derby,3516,-36.6593499,144.0078813,out_of_area,,out_of_area,false,false,outline:no_hit,
Dereel,3352,-37.8247291,143.7562257,out_of_area,,out_of_area,false,false,outline:no_hit,
Dergholm,3312,-37.3688281,141.2080599,out_of_area,,out_of_area,false,false,outline:no_hit,
Derrimut,3026,-37.7927082,144.7715559,pre_arranged,north-west and west,pre_arranged,false,true,approved_on_map,
Derrinal,3523,-36.9051176,144.557682,out_of_area,,out_of_area,false,false,outline:no_hit,
Derrinallum,3325,-37.948441,143.2160297,out_of_area,,out_of_area,false,false,outline:no_hit,
Devenish,3726,-36.3464064,145.9045405,out_of_area,,out_of_area,false,false,outline:no_hit,
Devils River,3714,-37.1906,145.784,out_of_area,,out_of_area,false,false,outline:no_hit,
Devon Meadows,3977,-38.162,145.303,out_of_area,,out_of_area,false,false,outline:no_hit,
Devon North,3971,-38.5188799,146.6436701,out_of_area,,out_of_area,false,false,outline:no_hit,
Dewhurst,3808,-37.9844362,145.4665466,out_of_area,,out_of_area,false,false,outline:no_hit,
Dhurringile,3610,-36.5169122,145.2431847,out_of_area,,out_of_area,false,false,outline:no_hit,
Diamond Creek,3089,-37.6666174,145.1541397,out_of_area,,out_of_area,false,true,approved_on_map,
Diamond Hill,3550,-36.8227939,144.269834,out_of_area,,out_of_area,false,false,outline:no_hit,
Digby,3309,-37.7888212,141.5360368,out_of_area,,out_of_area,false,false,outline:no_hit,
Diggers Rest,3427,-37.6153848,144.6862995,out_of_area,,out_of_area,false,false,outline:no_hit,
Diggora,3561,-36.3508478,144.5855088,out_of_area,,out_of_area,false,false,outline:no_hit,
Diggora West,3561,-36.354517,144.50504,out_of_area,,out_of_area,false,false,outline:no_hit,
Dimboola,3414,-36.453243,142.0290523,out_of_area,,out_of_area,false,false,outline:no_hit,
Dingee,3571,-36.3872318,144.2067793,out_of_area,,out_of_area,false,false,outline:no_hit,
Dingley Village,3172,-37.9757588,145.1226002,zone_1,zone_1,zone_1,false,true,named_by_tom,
Dingwall,3579,-35.7974653,143.8651496,out_of_area,,out_of_area,false,false,outline:no_hit,
Dinner Plain,3898,-37.0238277,147.2413889,out_of_area,,out_of_area,false,false,outline:no_hit,
Dixie,3265,-38.3014611,142.9287756,out_of_area,,out_of_area,false,false,outline:no_hit,
Dixons Creek,3775,-37.6,145.416667,out_of_area,,out_of_area,false,false,outline:no_hit,
Dobie,3377,-37.3305233,143.0079518,out_of_area,,out_of_area,false,false,outline:no_hit,
Docker,3678,-36.5262151,146.3831224,out_of_area,,out_of_area,false,false,outline:no_hit,
Dockers Plains,3678,-36.2945672,146.3385323,out_of_area,,out_of_area,false,false,outline:no_hit,
Docklands,3008,-37.8170652,144.9419122,zone_1,zone_1,zone_1,false,true,approved_on_map,
Doctors Flat,3895,-37.2996064,147.740283,out_of_area,,out_of_area,false,false,outline:no_hit,
Dollar,3871,-38.5573,146.176,out_of_area,,out_of_area,false,false,outline:no_hit,
Domain Road Po,3141,-37.8344,144.983,zone_1,zone_1,zone_1,false,false,outline:zone_1,
Don Valley,3139,-37.761389,145.584444,out_of_area,,out_of_area,false,false,outline:no_hit,
Donald,3480,-36.3694068,142.9819619,out_of_area,,out_of_area,false,false,outline:no_hit,
Doncaster,3108,-37.7865824,145.1210303,zone_2,zone_2,zone_2,false,true,named_by_tom,
Doncaster East,3109,-37.7883929,145.1541397,zone_2,zone_2,zone_2,false,true,approved_on_map,
Doncaster Heights,3109,-37.7887436,145.1580383,zone_2,zone_2,zone_2,false,false,outline:zone_2,
Donnybrook,3064,-37.5476567,144.9669338,out_of_area,,out_of_area,false,false,outline:no_hit,
Donvale,3111,-37.7901921,145.1872619,zone_2,zone_2,zone_2,false,true,approved_on_map,
Dooboobetic,3478,-36.3846219,143.159244,out_of_area,,out_of_area,false,false,outline:no_hit,
Dooen,3401,-36.6852722,142.2375085,out_of_area,,out_of_area,false,false,outline:no_hit,
Dookie,3646,-36.3117549,145.7104485,out_of_area,,out_of_area,false,false,outline:no_hit,
Doreen,3754,-37.605,145.146,out_of_area,,out_of_area,false,false,outline:no_hit,
Dorodong,3312,-37.3326869,141.0677289,out_of_area,,out_of_area,false,false,outline:no_hit,
Double Bridges,3893,-37.6278133,147.8483965,out_of_area,,out_of_area,false,false,outline:no_hit,
Douglas,3401,-37.0419,141.741,out_of_area,,out_of_area,false,false,outline:no_hit,
Douglas,3409,-37.0419203,141.7410906,out_of_area,,out_of_area,false,false,outline:no_hit,
Doveton,3177,-37.9876769,145.2394075,zone_3,zone_3,zone_3,false,false,outline:zone_3,
Dreeite,3249,-38.1805071,143.5135277,out_of_area,,out_of_area,false,false,outline:no_hit,
Dreeite South,3249,-38.1980372,143.482441,out_of_area,,out_of_area,false,false,outline:no_hit,
Driffield,3840,-38.285052,146.296432,out_of_area,,out_of_area,false,false,outline:no_hit,
Drik Drik,3304,-37.9751742,141.3049902,out_of_area,,out_of_area,false,false,outline:no_hit,
Dromana,3936,-38.338,144.965,pre_arranged,Mount Martha to Portsea,pre_arranged,false,true,approved_on_map,
Dropmore,3660,-37.0340431,145.4164353,out_of_area,,out_of_area,false,false,outline:no_hit,
Drouin,3818,-38.1353835,145.8487441,out_of_area,,out_of_area,false,false,outline:no_hit,
Drouin East,3818,-38.1195925,145.8885379,out_of_area,,out_of_area,false,false,outline:no_hit,
Drouin South,3818,-38.1814401,145.8134331,out_of_area,,out_of_area,false,false,outline:no_hit,
Drouin West,3818,-38.0866074,145.8523685,out_of_area,,out_of_area,false,false,outline:no_hit,
Drumanure,3636,-36.1480316,145.4945938,out_of_area,,out_of_area,false,false,outline:no_hit,
Drumborg,3304,-38.0640624,141.5426993,out_of_area,,out_of_area,false,false,outline:no_hit,
Drumcondra,3215,-38.132,144.354,out_of_area,,out_of_area,false,false,outline:no_hit,
Drummartin,3570,-36.4304903,144.4113046,out_of_area,,out_of_area,false,false,outline:no_hit,
Drummond,3461,-37.238144,144.3091473,out_of_area,,out_of_area,false,false,outline:no_hit,
Drummond North,3446,-37.2,144.283333,out_of_area,,out_of_area,false,false,outline:no_hit,
Drung,3401,-36.7468786,142.2961114,out_of_area,,out_of_area,false,false,outline:no_hit,
Dry Diggings,3461,-37.2965675,144.1556446,out_of_area,,out_of_area,false,false,outline:no_hit,
Drysdale,3222,-38.1809329,144.5985292,out_of_area,,out_of_area,false,false,outline:no_hit,
Duchembegarra,3409,-36.622668,141.9676075,out_of_area,,out_of_area,false,false,outline:no_hit,
Dugays Bridge,3685,-36.0595,146.3,out_of_area,,out_of_area,false,false,outline:no_hit,
Dumbalk,3956,-38.533889,146.094444,out_of_area,,out_of_area,false,false,outline:no_hit,
Dumbalk North,3956,-38.504782,146.159569,out_of_area,,out_of_area,false,false,outline:no_hit,
Dumosa,3527,-35.9439979,143.2331487,out_of_area,,out_of_area,false,false,outline:no_hit,
Dunach,3371,-37.2213851,143.7332293,out_of_area,,out_of_area,false,false,outline:no_hit,
Dundonnell,3271,-37.989819,142.966989,out_of_area,,out_of_area,false,false,outline:no_hit,
Dunearn,3175,-37.9675973,145.202499,zone_3,zone_3,zone_3,false,false,outline:zone_3,
Dunkeld,3294,-37.65,142.35,out_of_area,,out_of_area,false,false,outline:no_hit,
Dunkirk,3630,-36.3695676,145.4089502,out_of_area,,out_of_area,false,false,outline:no_hit,
Dunluce,3472,-36.9316623,143.600774,out_of_area,,out_of_area,false,false,outline:no_hit,
Dunneworthy,3377,-37.2,143.066667,out_of_area,,out_of_area,false,false,outline:no_hit,
Dunnstown,3352,-37.5985239,143.9711539,out_of_area,,out_of_area,false,false,outline:no_hit,
Dunolly,3472,-36.85,143.733333,out_of_area,,out_of_area,false,false,outline:no_hit,
Dunrobin,3312,-37.5100481,141.3991393,out_of_area,,out_of_area,false,false,outline:no_hit,
Durdidwarrah,3342,-37.8208027,144.1733553,out_of_area,,out_of_area,false,false,outline:no_hit,
Durham Lead,3352,-37.6882095,143.8780526,out_of_area,,out_of_area,false,false,outline:no_hit,
Durham Ox,3576,-36.1415403,143.9324048,out_of_area,,out_of_area,false,false,outline:no_hit,
Dutson,3851,-38.1738558,147.2074198,out_of_area,,out_of_area,false,false,outline:no_hit,
Dutson Downs,3851,-38.2032935,147.3193881,out_of_area,,out_of_area,false,false,outline:no_hit,
Dutton Way,3305,-38.2985847,141.6238774,out_of_area,,out_of_area,false,false,outline:no_hit,
Duverney,3323,-38.0253435,143.5624895,out_of_area,,out_of_area,false,false,outline:no_hit,
Dysart,3660,-37.0434842,145.1032715,out_of_area,,out_of_area,false,false,outline:no_hit,
Eagle Point,3878,-37.9067566,147.6779106,out_of_area,,out_of_area,false,false,outline:no_hit,
Eaglehawk,3556,-36.716667,144.25,out_of_area,,out_of_area,false,false,outline:no_hit,
Eaglehawk North,3556,-36.6907216,144.256582,out_of_area,,out_of_area,false,false,outline:no_hit,
Eaglemont,3084,-37.7644773,145.0628446,zone_2,zone_2,zone_2,false,false,outline:zone_2,
Earlston,3669,-36.5370029,145.6918687,out_of_area,,out_of_area,false,false,outline:no_hit,
East Bairnsdale,3875,-37.8361684,147.6495717,out_of_area,,out_of_area,false,false,outline:no_hit,
East Bendigo,3550,-36.7430053,144.3193914,out_of_area,,out_of_area,false,false,outline:no_hit,
East Geelong,3219,-38.162,144.3802,out_of_area,,out_of_area,false,false,outline:no_hit,
East Melbourne,3002,-37.8161444,144.9804594,zone_1,zone_1,zone_1,false,true,approved_on_map,
East Sale,3852,-38.1054,147.141,out_of_area,,out_of_area,false,false,outline:no_hit,
East Sale Raaf,3852,-38.1054893,147.1233541,out_of_area,,out_of_area,false,false,outline:no_hit,
East Wangaratta,3678,-36.358964,146.385437,out_of_area,,out_of_area,false,false,outline:no_hit,
East Warburton,3799,-37.7370439,145.7421233,out_of_area,,out_of_area,false,false,outline:no_hit,
East Yeoburn,3579,-35.711,144.001,out_of_area,,out_of_area,false,false,outline:no_hit,
Eastern View,3231,-38.478048,144.0288116,out_of_area,,out_of_area,false,false,outline:no_hit,
Eastville,3463,-36.8892268,143.9792459,out_of_area,,out_of_area,false,false,outline:no_hit,
Eastwood,3875,-37.8134,147.63,out_of_area,,out_of_area,false,false,outline:no_hit,
Ebden,3691,-36.1415988,147.0136321,out_of_area,,out_of_area,false,false,outline:no_hit,
Echuca,3564,-36.1459548,144.7448007,out_of_area,,out_of_area,false,false,outline:no_hit,
Echuca East,3564,-36.1459548,144.7448007,out_of_area,,out_of_area,false,false,outline:no_hit,
Echuca South,3564,-36.1403771,144.7468558,out_of_area,,out_of_area,false,false,outline:no_hit,
Echuca Village,3564,-36.1492855,144.8181305,out_of_area,,out_of_area,false,false,outline:no_hit,
Echuca West,3564,-36.1731205,144.6912948,out_of_area,,out_of_area,false,false,outline:no_hit,
Ecklin South,3265,-38.3854255,142.8989392,out_of_area,,out_of_area,false,false,outline:no_hit,
Eddington,3472,-36.8984001,143.831487,out_of_area,,out_of_area,false,false,outline:no_hit,
Eden Park,3757,-37.489,145.07,out_of_area,,out_of_area,false,false,outline:no_hit,
Edenhope,3318,-37.0307143,141.2834751,out_of_area,,out_of_area,false,false,outline:no_hit,
Edgecombe,3444,-37.1870105,144.4615766,out_of_area,,out_of_area,false,false,outline:no_hit,
Edi,3678,-36.6387619,146.4193903,out_of_area,,out_of_area,false,false,outline:no_hit,
Edi Upper,3678,-36.7181217,146.4698925,out_of_area,,out_of_area,false,false,outline:no_hit,
Edithvale,3196,-38.037,145.113,zone_4,zone_4,zone_4,false,true,approved_on_map,
Eganstown,3461,-37.3562379,144.0773023,out_of_area,,out_of_area,false,false,outline:no_hit,
Eildon,3713,-37.2342952,145.897646,out_of_area,,out_of_area,false,false,outline:no_hit,
Elaine,3334,-37.7682554,144.0378201,out_of_area,,out_of_area,false,false,outline:no_hit,
Elberton,3478,-36.688551,143.230699,out_of_area,,out_of_area,false,false,outline:no_hit,
Eldorado,3746,-36.3225392,146.5280168,out_of_area,,out_of_area,false,false,outline:no_hit,
Elevated Plains,3461,-37.2950318,144.1311117,out_of_area,,out_of_area,false,false,outline:no_hit,
Elingamite,3266,-38.3730317,143.0274236,out_of_area,,out_of_area,false,false,outline:no_hit,
Elingamite North,3266,-38.3334069,142.9878141,out_of_area,,out_of_area,false,false,outline:no_hit,
Elizabeth Island,3921,-38.4168,145.369,out_of_area,,out_of_area,false,false,outline:no_hit,
Ellaswood,3875,-37.7837112,147.5751417,out_of_area,,out_of_area,false,false,outline:no_hit,
Ellerslie,3265,-38.1201405,142.7171702,out_of_area,,out_of_area,false,false,outline:no_hit,
Elliminyt,3250,-38.3733285,143.5743866,out_of_area,,out_of_area,false,false,outline:no_hit,
Ellinbank,3821,-38.2555216,145.9247217,out_of_area,,out_of_area,false,false,outline:no_hit,
Elmhurst,3469,-37.183333,143.25,out_of_area,,out_of_area,false,false,outline:no_hit,
Elmore,3558,-36.4967919,144.6087925,out_of_area,,out_of_area,false,false,outline:no_hit,
Elphinstone,3448,-37.1,144.333333,out_of_area,,out_of_area,false,false,outline:no_hit,
Elsternwick,3185,-37.8849536,145.0059691,zone_1,zone_1,zone_1,false,false,outline:zone_1,
Eltham,3095,-37.715,145.158,pre_arranged,Eltham to Wonga Park,pre_arranged,false,true,named_by_tom,
Eltham North,3095,-37.698,145.144,pre_arranged,Eltham to Wonga Park,pre_arranged,false,false,outline:Eltham to Wonga Park,
Elwood,3184,-37.878722,144.9859676,zone_1,zone_1,zone_1,false,false,outline:zone_1,
Emerald,3782,-37.933056,145.436944,out_of_area,,out_of_area,false,true,approved_on_map,
Emu,3475,-36.722585,143.406515,out_of_area,,out_of_area,false,false,outline:no_hit,
Emu Creek,3551,-36.8485227,144.3521811,out_of_area,,out_of_area,false,false,outline:no_hit,
Emu Flat,3522,-37.122134,144.752773,out_of_area,,out_of_area,false,false,outline:no_hit,
Endeavour Hills,3802,-37.9780214,145.2590707,zone_3,zone_3,zone_3,false,true,approved_on_map,
Enfield,3352,-37.7255403,143.803634,out_of_area,,out_of_area,false,false,outline:no_hit,
Englefield,3407,-37.3471879,141.8100348,out_of_area,,out_of_area,false,false,outline:no_hit,
Enochs Point,3723,-37.4226,146.101,out_of_area,,out_of_area,false,false,outline:no_hit,
Ensay,3895,-37.3820435,147.8151071,out_of_area,,out_of_area,false,false,outline:no_hit,
Ensay North,3895,-37.323719,147.837458,out_of_area,,out_of_area,false,false,outline:no_hit,
Eppalock,3551,-36.8512465,144.4561033,out_of_area,,out_of_area,false,false,outline:no_hit,
Epping,3076,-37.6341341,145.016269,out_of_area,,out_of_area,false,true,approved_on_map,
Epping Dc,3076,-37.6377,145.026,out_of_area,,out_of_area,false,false,outline:no_hit,
Epsom,3551,-36.7,144.316667,out_of_area,,out_of_area,false,false,outline:no_hit,
Ercildoune,3352,-37.3982205,143.6360643,out_of_area,,out_of_area,false,false,outline:no_hit,
Erica,3825,-37.9756695,146.3768277,out_of_area,,out_of_area,false,false,outline:no_hit,
Errinundra,3889,-37.4648602,148.7505879,out_of_area,,out_of_area,false,false,outline:no_hit,
Eskdale,3701,-36.4526584,147.2403405,out_of_area,,out_of_area,false,false,outline:no_hit,
Esmond,3730,-36.078056,146.181667,out_of_area,,out_of_area,false,false,outline:no_hit,
Essendon,3040,-37.7504821,144.9143187,zone_2,zone_2,zone_2,false,true,named_by_tom,
Essendon Fields,3041,-37.7263,144.897,zone_2,zone_2,zone_2,false,false,outline:zone_2,
Essendon North,3041,-37.7383196,144.8992556,zone_2,zone_2,zone_2,false,false,outline:zone_2,
Essendon West,3040,-37.755,144.883,zone_2,zone_2,zone_2,false,false,outline:zone_2,
Eumemmerring,3177,-37.999,145.247,zone_3,zone_3,zone_3,false,false,outline:zone_3,
Eurack,3251,-38.151946,143.7260694,out_of_area,,out_of_area,false,false,outline:no_hit,
Eureka,3350,-37.5648,143.8822,out_of_area,,out_of_area,false,false,outline:no_hit,
Euroa,3666,-36.75,145.566667,out_of_area,,out_of_area,false,false,outline:no_hit,
Eurobin,3739,-36.6332007,146.8423556,out_of_area,,out_of_area,false,false,outline:no_hit,
Evansford,3371,-37.2395714,143.6249259,out_of_area,,out_of_area,false,false,outline:no_hit,
Eversley,3377,-37.1884876,143.1759819,out_of_area,,out_of_area,false,false,outline:no_hit,
Everton,3678,-36.4274862,146.5343216,out_of_area,,out_of_area,false,false,outline:no_hit,
Everton Upper,3678,-36.397199,146.5413273,out_of_area,,out_of_area,false,false,outline:no_hit,
Exford,3338,-37.7185795,144.5349356,out_of_area,,out_of_area,false,false,outline:no_hit,
Eynesbury,3338,-37.7471636,144.5640379,out_of_area,,out_of_area,false,false,outline:no_hit,
Fairbank,3951,-38.4078396,145.919154,out_of_area,,out_of_area,false,false,outline:no_hit,
Fairfield,3078,-37.7790074,145.0181267,zone_2,zone_2,zone_2,false,false,outline:zone_2,
Fairhaven,3231,-38.456111,144.085833,out_of_area,,out_of_area,false,false,outline:no_hit,
Fairley,3579,-35.685656,143.7967605,out_of_area,,out_of_area,false,false,outline:no_hit,
Fairy Dell,3561,-36.3350888,144.7460094,out_of_area,,out_of_area,false,false,outline:no_hit,
Fairy Dell,3875,-37.6887426,147.7573626,out_of_area,,out_of_area,false,false,outline:no_hit,
Falls Creek,3699,-36.8658814,147.2869802,out_of_area,,out_of_area,false,false,outline:no_hit,
Faraday,3451,-37.0500963,144.3077816,out_of_area,,out_of_area,false,false,outline:no_hit,
Fawcett,3714,-37.1098593,145.7081721,out_of_area,,out_of_area,false,false,outline:no_hit,
Fawkner,3060,-37.6969273,144.9666905,pre_arranged,north-west and west,pre_arranged,false,true,named_by_tom,
Fawkner East,3060,-37.6969273,144.9666905,pre_arranged,north-west and west,pre_arranged,false,false,outline:north-west and west,
Fawkner North,3060,-37.6959697,144.9684492,pre_arranged,north-west and west,pre_arranged,false,false,outline:north-west and west,
Fentons Creek,3518,-36.5562359,143.5647819,out_of_area,,out_of_area,false,false,outline:no_hit,
Ferguson,3237,-38.649,143.52,out_of_area,,out_of_area,false,false,outline:no_hit,
Fern Hill,3458,-37.3753075,144.4232713,out_of_area,,out_of_area,false,false,outline:no_hit,
Fernbank,3864,-37.8151682,147.3291671,out_of_area,,out_of_area,false,false,outline:no_hit,
Ferndale,3821,-38.3112721,145.9233883,out_of_area,,out_of_area,false,false,outline:no_hit,
Fernihurst,3518,-36.245004,143.8736382,out_of_area,,out_of_area,false,false,outline:no_hit,
Fernshaw,3778,-37.616115,145.6383617,out_of_area,,out_of_area,false,false,outline:no_hit,
Ferntree Gully,3156,-37.8826855,145.2776105,zone_3,zone_3,zone_3,false,true,approved_on_map,
Fernvale,3701,-27.4595799,152.663801,out_of_area,,out_of_area,false,false,outline:no_hit,
Ferny Creek,3786,-37.8759058,145.3309395,zone_3,zone_3,zone_3,false,false,outline:zone_3,
Fieldstone,3024,-37.7472,144.649,out_of_area,,out_of_area,false,false,outline:no_hit,
Fiery Flat,3518,-36.3982072,143.7901508,out_of_area,,out_of_area,false,false,outline:no_hit,
Fingal,3939,-38.421111,144.861111,out_of_area,,out_of_area,false,false,outline:no_hit,
Fish Creek,3959,-38.7043519,146.087727,out_of_area,,out_of_area,false,false,outline:no_hit,
Fish Point,3585,-35.4312527,143.7061484,out_of_area,,out_of_area,false,false,outline:no_hit,
Fiskville,3342,-37.6682785,144.2019935,out_of_area,,out_of_area,false,false,outline:no_hit,
Fitzroy,3065,-37.7974551,144.9804594,zone_2,zone_2,zone_2,false,true,approved_on_map,
Fitzroy North,3068,-37.7832944,144.9838466,zone_2,zone_2,zone_2,false,false,outline:zone_2,
Five Ways,3977,-38.1671,145.32,pre_arranged,Cranbourne to Pakenham,pre_arranged,false,false,outline:Cranbourne to Pakenham,
Flaggy Creek,3875,-37.7553132,147.4796981,out_of_area,,out_of_area,false,false,outline:no_hit,
Flagstaff,3465,-37.05,143.775,out_of_area,,out_of_area,false,false,outline:no_hit,
Flamingo Beach,3851,-38.270311,147.3129258,out_of_area,,out_of_area,false,false,outline:no_hit,
Flemington,3031,-37.7833035,144.9277474,zone_2,zone_2,zone_2,false,true,approved_on_map,
Flinders,3929,-38.4574538,144.9721978,out_of_area,,out_of_area,false,true,approved_on_map,
Flora Hill,3550,-36.7793071,144.2948079,out_of_area,,out_of_area,false,false,outline:no_hit,
Flowerdale,3658,-37.3190608,145.3288655,out_of_area,,out_of_area,false,false,outline:no_hit,
Flowerdale,3717,-37.3190608,145.3288655,out_of_area,,out_of_area,false,false,outline:no_hit,
Flynn,3844,-38.1707159,146.7117693,out_of_area,,out_of_area,false,false,outline:no_hit,
Flynns Creek,3844,-38.260963,146.6377088,out_of_area,,out_of_area,false,false,outline:no_hit,
Footscray,3011,-37.7988987,144.892357,zone_5,zone_5,zone_5,false,true,named_by_tom,
Forbes,3764,-37.3078202,144.8841246,out_of_area,,out_of_area,false,false,outline:no_hit,
Forest Hill,3131,-37.8347413,145.1727369,zone_1,zone_1,zone_1,false,false,outline:zone_1,
Forge Creek,3875,-37.9311827,147.6141587,out_of_area,,out_of_area,false,false,outline:no_hit,
Forrest,3236,-38.516667,143.716667,out_of_area,,out_of_area,false,false,outline:no_hit,
Foster,3960,-38.65,146.2,out_of_area,,out_of_area,false,false,outline:no_hit,
Foster North,3960,-38.5974169,146.1700361,out_of_area,,out_of_area,false,false,outline:no_hit,
Fosterville,3557,-36.6967411,144.4992156,out_of_area,,out_of_area,false,false,outline:no_hit,
Fountain Gate,3805,-38.0175584,145.3038409,zone_3,zone_3,zone_3,false,false,outline:zone_3,
Foxhow,3323,-38.0465671,143.437523,out_of_area,,out_of_area,false,false,outline:no_hit,
Framlingham,3265,-38.2557597,142.6844137,out_of_area,,out_of_area,false,false,outline:no_hit,
Framlingham East,3265,-38.1995625,142.7004558,out_of_area,,out_of_area,false,false,outline:no_hit,
Franklinford,3461,-37.238838,144.0922835,out_of_area,,out_of_area,false,false,outline:no_hit,
Frankston,3199,-38.1466246,145.135722,zone_4,zone_4,zone_4,false,true,approved_on_map,
Frankston East,3199,-38.1466246,145.135722,zone_4,zone_4,zone_4,false,false,outline:zone_4,
Frankston Heights,3199,-38.1620052,145.1466011,zone_4,zone_4,zone_4,false,false,outline:zone_4,
Frankston North,3200,-38.1250223,145.162419,zone_4,zone_4,zone_4,false,false,outline:zone_4,
Frankston South,3199,-38.188,145.153,zone_4,zone_4,zone_4,true,true,approved_on_map,
Fraser Rise,3336,-37.7215,144.663,out_of_area,,out_of_area,false,false,outline:no_hit,
Freeburgh,3741,-36.7731846,147.0302412,out_of_area,,out_of_area,false,false,outline:no_hit,
French Island,3921,-38.3489348,145.3364703,out_of_area,,out_of_area,false,false,outline:no_hit,
Frenchmans,3384,-36.9948297,143.1934791,out_of_area,,out_of_area,false,false,outline:no_hit,
Freshwater Creek,3216,-38.1747227,144.3139277,out_of_area,,out_of_area,false,false,outline:no_hit,
Freshwater Creek,3217,-38.2703,144.248,out_of_area,,out_of_area,false,false,outline:no_hit,
Fryerstown,3451,-37.1432659,144.2549754,out_of_area,,out_of_area,false,false,outline:no_hit,
Fulham,3851,-38.0779833,146.9541617,out_of_area,,out_of_area,false,false,outline:no_hit,
Fumina,3825,-37.95,146.116667,out_of_area,,out_of_area,false,false,outline:no_hit,
Fumina South,3825,-37.95,146.116667,out_of_area,,out_of_area,false,false,outline:no_hit,
Fyans Creek,3381,-37.0972483,142.559209,out_of_area,,out_of_area,false,false,outline:no_hit,
Fyansford,3218,-38.1348,144.291,out_of_area,,out_of_area,false,false,outline:no_hit,
Fyansford,3221,-38.1347924,144.2906169,out_of_area,,out_of_area,false,false,outline:no_hit,
Gaffneys Creek,3723,-37.5011312,146.2066412,out_of_area,,out_of_area,false,false,outline:no_hit,
Gainsborough,3822,-38.2266319,145.9720608,out_of_area,,out_of_area,false,false,outline:no_hit,
Gannawarra,3568,-35.8021206,144.215646,out_of_area,,out_of_area,false,false,outline:no_hit,
Gapsted,3737,-36.5140692,146.6562952,out_of_area,,out_of_area,false,false,outline:no_hit,
Garden City,3207,-37.8366289,144.919805,zone_1,zone_1,zone_1,false,false,outline:zone_1,
Gardenvale,3185,-37.899,145.007,zone_1,zone_1,zone_1,false,false,outline:zone_1,
Garfield,3814,-38.0999051,145.6800684,out_of_area,,out_of_area,false,false,outline:no_hit,
Garfield North,3814,-38.05,145.683333,out_of_area,,out_of_area,false,false,outline:no_hit,
Garibaldi,3352,-37.738899,143.8508908,out_of_area,,out_of_area,false,false,outline:no_hit,
Garvoc,3265,-38.3220322,142.8479255,out_of_area,,out_of_area,false,false,outline:no_hit,
Gateway Island,3691,-36.096,146.897,out_of_area,,out_of_area,false,false,outline:no_hit,
Gatum,3407,-37.3987376,141.9293628,out_of_area,,out_of_area,false,false,outline:no_hit,
Gazette,3289,-37.9197764,142.149764,out_of_area,,out_of_area,false,false,outline:no_hit,
Geelong,3220,-38.1499181,144.3617186,out_of_area,,out_of_area,false,false,outline:no_hit,
Geelong Mc,3221,-38.1499,144.362,out_of_area,,out_of_area,false,false,outline:no_hit,
Geelong North,3215,-38.1093956,144.3521811,out_of_area,,out_of_area,false,false,outline:no_hit,
Geelong West,3218,-38.133333,144.35,out_of_area,,out_of_area,false,false,outline:no_hit,
Gelantipy,3885,-37.147539,148.2526703,out_of_area,,out_of_area,false,false,outline:no_hit,
Gellibrand,3239,-38.5271333,143.5453035,out_of_area,,out_of_area,false,false,outline:no_hit,
Gellibrand Lower,3237,-38.6846816,143.2542289,out_of_area,,out_of_area,false,false,outline:no_hit,
Gelliondale,3971,-38.6277438,146.604753,out_of_area,,out_of_area,false,false,outline:no_hit,
Gembrook,3783,-37.9524044,145.6023644,out_of_area,,out_of_area,false,false,outline:no_hit,
Genoa,3891,-37.4510835,149.696092,out_of_area,,out_of_area,false,false,outline:no_hit,
Gentle Annie,3833,-37.9383977,145.8366147,out_of_area,,out_of_area,false,false,outline:no_hit,
Georges Creek,3700,-36.1614173,147.2652758,out_of_area,,out_of_area,false,false,outline:no_hit,
Gerahmin,3546,-35.1725068,142.7997774,out_of_area,,out_of_area,false,false,outline:no_hit,
Gerang Gerung,3418,-36.3689875,141.87965,out_of_area,,out_of_area,false,false,outline:no_hit,
Gerangamete,3243,-38.454364,143.7253915,out_of_area,,out_of_area,false,false,outline:no_hit,
Gerangamete,3249,-38.4544,143.725,out_of_area,,out_of_area,false,false,outline:no_hit,
Germania,3381,-37.1716807,142.5745556,out_of_area,,out_of_area,false,false,outline:no_hit,
Germania,3387,-36.9858,142.777,out_of_area,,out_of_area,false,false,outline:no_hit,
Germantown,3741,-36.7449398,147.0197923,out_of_area,,out_of_area,false,false,outline:no_hit,
Gerrigerrup,3289,-37.9906017,142.2154135,out_of_area,,out_of_area,false,false,outline:no_hit,
Gherang,3240,-38.303611,144.090556,out_of_area,,out_of_area,false,false,outline:no_hit,
Gheringhap,3331,-38.0719517,144.2299712,out_of_area,,out_of_area,false,false,outline:no_hit,
Ghin Ghin,3717,-37.137096,145.3745044,out_of_area,,out_of_area,false,false,outline:no_hit,
Giffard,3850,-38.3676479,147.1613237,out_of_area,,out_of_area,false,false,outline:no_hit,
Giffard,3851,-38.3676,147.161,out_of_area,,out_of_area,false,false,outline:no_hit,
Giffard West,3851,-38.3506013,146.9896989,out_of_area,,out_of_area,false,false,outline:no_hit,
Gil Gil,3480,-36.3361978,143.0752857,out_of_area,,out_of_area,false,false,outline:no_hit,
Gilberton,3072,-37.7363,144.99,zone_2,zone_2,zone_2,false,false,outline:zone_2,
Gilderoy,3797,-37.851396,145.7249828,out_of_area,,out_of_area,false,false,outline:no_hit,
Gillieston,3616,-36.342575,145.2124572,out_of_area,,out_of_area,false,false,outline:no_hit,
Gillum,3858,-37.7535,146.735,out_of_area,,out_of_area,false,false,outline:no_hit,
Gipsy Point,3891,-37.4835989,149.673809,out_of_area,,out_of_area,false,false,outline:no_hit,
Girgarre,3624,-36.4031385,144.9501708,out_of_area,,out_of_area,false,false,outline:no_hit,
Girgarre East,3616,-36.4399934,145.0603633,out_of_area,,out_of_area,false,false,outline:no_hit,
Gisborne,3437,-37.49,144.588889,out_of_area,,out_of_area,false,false,outline:no_hit,
Gisborne South,3437,-37.538611,144.606389,out_of_area,,out_of_area,false,false,outline:no_hit,
Gladfield,3575,-36.082739,143.9427543,out_of_area,,out_of_area,false,false,outline:no_hit,
Gladstone Park,3043,-37.6926696,144.8951801,pre_arranged,north-west and west,pre_arranged,false,false,outline:north-west and west,
Gladysdale,3797,-37.816667,145.65,out_of_area,,out_of_area,false,false,outline:no_hit,
Glen Alvie,3979,-38.5287872,145.6488124,out_of_area,,out_of_area,false,false,outline:no_hit,
Glen Creek,3691,-36.4412799,146.9358703,out_of_area,,out_of_area,false,false,outline:no_hit,
Glen Falloch,3858,-37.6691937,146.6472521,out_of_area,,out_of_area,false,false,outline:no_hit,
Glen Forbes,3990,-38.4399786,145.5247285,out_of_area,,out_of_area,false,false,outline:no_hit,
Glen Huntly,3163,-37.8927437,145.0410692,zone_1,zone_1,zone_1,false,false,outline:zone_1,
Glen Iris,3146,-37.8577136,145.0548502,zone_1,zone_1,zone_1,false,false,outline:zone_1,
Glen Park,3352,-37.5033061,143.9355608,out_of_area,,out_of_area,false,false,outline:no_hit,
Glen Valley,3898,-36.8805567,147.4694437,out_of_area,,out_of_area,false,false,outline:no_hit,
Glen Waverley,3150,-37.8743502,145.1668205,zone_1,zone_1,zone_1,false,true,named_by_tom,
Glen Wills,3898,-36.8368292,147.4971151,out_of_area,,out_of_area,false,false,outline:no_hit,
Glenaire,3238,-38.7761059,143.4336928,out_of_area,,out_of_area,false,false,outline:no_hit,
Glenaladale,3864,-37.7510906,147.3266955,out_of_area,,out_of_area,false,false,outline:no_hit,
Glenalbyn,3517,-36.4886713,143.7189525,out_of_area,,out_of_area,false,false,outline:no_hit,
Glenaroua,3764,-37.0580067,144.9618719,out_of_area,,out_of_area,false,false,outline:no_hit,
Glenbrae,3352,-37.348341,143.56052,out_of_area,,out_of_area,false,false,outline:no_hit,
Glenburn,3717,-37.4198646,145.4457768,out_of_area,,out_of_area,false,false,outline:no_hit,
Glendaruel,3363,-37.343607,143.7314922,out_of_area,,out_of_area,false,false,outline:no_hit,
Glendonald,3364,-37.3509,143.842,out_of_area,,out_of_area,false,false,outline:no_hit,
Glendonnell,3364,-37.3509401,143.8420366,out_of_area,,out_of_area,false,false,outline:no_hit,
Glenfalloch,3858,-37.6692,146.647,out_of_area,,out_of_area,false,false,outline:no_hit,
Glenferrie South,3122,-37.8311,145.034,zone_1,zone_1,zone_1,false,false,outline:zone_1,
Glenfyne,3266,-38.4003782,142.9861362,out_of_area,,out_of_area,false,false,outline:no_hit,
Glengala,3020,-37.78827,144.8087985,pre_arranged,north-west and west,pre_arranged,false,false,outline:north-west and west,
Glengarry,3854,-38.1352566,146.5637493,out_of_area,,out_of_area,false,false,outline:no_hit,
Glengarry North,3854,-38.088238,146.5749622,out_of_area,,out_of_area,false,false,outline:no_hit,
Glengarry West,3854,-38.1520709,146.5245143,out_of_area,,out_of_area,false,false,outline:no_hit,
Glengower,3370,-37.2201326,143.9028461,out_of_area,,out_of_area,false,false,outline:no_hit,
Glenhope,3444,-37.0778252,144.6080076,out_of_area,,out_of_area,false,false,outline:no_hit,
Glenhope East,3522,-37.0704,144.706,out_of_area,,out_of_area,false,false,outline:no_hit,
Glenisla,3314,-37.2237827,142.1140597,out_of_area,,out_of_area,false,false,outline:no_hit,
Glenlee,3418,-36.2465889,141.8101803,out_of_area,,out_of_area,false,false,outline:no_hit,
Glenlofty,3469,-37.1245667,143.1968444,out_of_area,,out_of_area,false,false,outline:no_hit,
Glenlogie,3469,-37.2351516,143.2830487,out_of_area,,out_of_area,false,false,outline:no_hit,
Glenloth,3527,-36.141508,143.3403702,out_of_area,,out_of_area,false,false,outline:no_hit,
Glenloth East,3527,-36.0633484,143.4479313,out_of_area,,out_of_area,false,false,outline:no_hit,
Glenluce,3451,-37.1959366,144.2405462,out_of_area,,out_of_area,false,false,outline:no_hit,
Glenlyon,3461,-37.25,144.25,out_of_area,,out_of_area,false,false,outline:no_hit,
Glenmaggie,3858,-37.9163753,146.7461215,out_of_area,,out_of_area,false,false,outline:no_hit,
Glenmore,3340,-37.7128105,144.3122204,out_of_area,,out_of_area,false,false,outline:no_hit,
Glenorchy,3385,-36.904436,142.6610422,out_of_area,,out_of_area,false,false,outline:no_hit,
Glenormiston,3265,-38.218356,143.0448854,out_of_area,,out_of_area,false,false,outline:no_hit,
Glenormiston North,3265,-38.1325919,142.9941905,out_of_area,,out_of_area,false,false,outline:no_hit,
Glenormiston South,3265,-38.1660705,142.9653336,out_of_area,,out_of_area,false,false,outline:no_hit,
Glenpatrick,3469,-37.1356779,143.3391976,out_of_area,,out_of_area,false,false,outline:no_hit,
Glenrowan,3675,-36.4468841,146.2321651,out_of_area,,out_of_area,false,false,outline:no_hit,
Glenrowan West,3675,-36.5461163,146.1530661,out_of_area,,out_of_area,false,false,outline:no_hit,
Glenroy,3046,-37.7062465,144.9161373,pre_arranged,north-west and west,pre_arranged,false,true,named_by_tom,
Glenthompson,3293,-37.6707686,142.5338611,out_of_area,,out_of_area,false,false,outline:no_hit,
Glomar Beach,3851,-38.2989768,147.2762157,out_of_area,,out_of_area,false,false,outline:no_hit,
Gnarwarre,3221,-38.1809271,144.1620897,out_of_area,,out_of_area,false,false,outline:no_hit,
Gnotuk,3260,-38.2027638,143.0663826,out_of_area,,out_of_area,false,false,outline:no_hit,
Gobarup,3559,-36.6804,144.919,out_of_area,,out_of_area,false,false,outline:no_hit,
Gobur,3719,-37.0120101,145.6275226,out_of_area,,out_of_area,false,false,outline:no_hit,
Golden Beach,3851,-38.2280947,147.3757681,out_of_area,,out_of_area,false,false,outline:no_hit,
Golden Gully,3555,-36.7901441,144.2647717,out_of_area,,out_of_area,false,false,outline:no_hit,
Golden Point,3350,-37.574,143.868,out_of_area,,out_of_area,false,false,outline:no_hit,
Golden Point,3451,-37.0665813,144.2756927,out_of_area,,out_of_area,false,false,outline:no_hit,
Golden Point,3465,-37.0922807,143.7626808,out_of_area,,out_of_area,false,false,outline:no_hit,
Golden Square,3555,-36.766667,144.25,out_of_area,,out_of_area,false,false,outline:no_hit,
Goldie,3435,-37.2591504,144.7961441,out_of_area,,out_of_area,false,false,outline:no_hit,
Goldsborough,3472,-36.8207524,143.670169,out_of_area,,out_of_area,false,false,outline:no_hit,
Gong Gong,3352,-37.5480729,143.9351234,out_of_area,,out_of_area,false,false,outline:no_hit,
Gonn Crossing,3579,-35.507575,143.9269679,out_of_area,,out_of_area,false,false,outline:no_hit,
Goomalibee,3673,-36.4955067,145.8767117,out_of_area,,out_of_area,false,false,outline:no_hit,
Goon Nure,3875,-37.9767763,147.5871797,out_of_area,,out_of_area,false,false,outline:no_hit,
Goongerah,3888,-37.35,148.7,out_of_area,,out_of_area,false,false,outline:no_hit,
Gooram,3666,-36.9107466,145.6002839,out_of_area,,out_of_area,false,false,outline:no_hit,
Gooramadda,3685,-35.9971399,146.5809197,out_of_area,,out_of_area,false,false,outline:no_hit,
Goorambat,3725,-36.4391452,145.9393385,out_of_area,,out_of_area,false,false,outline:no_hit,
Goornong,3557,-36.6432507,144.4930553,out_of_area,,out_of_area,false,false,outline:no_hit,
Gooroc,3477,-36.4841,143.193,out_of_area,,out_of_area,false,false,outline:no_hit,
Gooroc,3478,-36.4841066,143.1931374,out_of_area,,out_of_area,false,false,outline:no_hit,
Gorae,3305,-38.2606916,141.5967036,out_of_area,,out_of_area,false,false,outline:no_hit,
Gorae West,3305,-38.2786096,141.5337051,out_of_area,,out_of_area,false,false,outline:no_hit,
Gordon,3345,-37.5678296,144.1174856,out_of_area,,out_of_area,false,false,outline:no_hit,
Gormandale,3873,-38.3016024,146.6738329,out_of_area,,out_of_area,false,false,outline:no_hit,
Goroke,3412,-36.6744115,141.4939853,out_of_area,,out_of_area,false,false,outline:no_hit,
Goschen,3585,-35.4728269,143.45621,out_of_area,,out_of_area,false,false,outline:no_hit,
Goughs Bay,3723,-37.1646432,146.0689038,out_of_area,,out_of_area,false,false,outline:no_hit,
Goulburn Weir,3608,-36.7291107,145.1789802,out_of_area,,out_of_area,false,false,outline:no_hit,
Gowanbrae,3043,-37.7062908,144.8948907,pre_arranged,north-west and west,pre_arranged,false,false,outline:north-west and west,
Gowanford,3544,-35.4191942,143.1922414,out_of_area,,out_of_area,false,false,outline:no_hit,
Gowangardie,3669,-36.4962518,145.7271278,out_of_area,,out_of_area,false,false,outline:no_hit,
Gowar East,3477,-36.5716,143.38,out_of_area,,out_of_area,false,false,outline:no_hit,
Gowar East,3478,-36.5715571,143.3801482,out_of_area,,out_of_area,false,false,outline:no_hit,
Gower,3451,-37.0284764,144.1011245,out_of_area,,out_of_area,false,false,outline:no_hit,
Gower,3463,-37.0285,144.101,out_of_area,,out_of_area,false,false,outline:no_hit,
Grahamvale,3631,-36.35,145.433333,out_of_area,,out_of_area,false,false,outline:no_hit,
Grampians,3314,-37.3489752,142.3299468,out_of_area,,out_of_area,false,false,outline:no_hit,
Grand Ridge,3870,-38.4431454,146.3184541,out_of_area,,out_of_area,false,false,outline:no_hit,
Grand Ridge,3962,-38.6183,146.349,out_of_area,,out_of_area,false,false,outline:no_hit,
Grangefields,3335,-37.7054,144.639,out_of_area,,out_of_area,false,false,outline:no_hit,
Granite Flat,3525,-36.1945016,143.1342358,out_of_area,,out_of_area,false,false,outline:no_hit,
Granite Flat,3701,-36.7044,147.342,out_of_area,,out_of_area,false,false,outline:no_hit,
Granite Rock,3875,-37.7573323,147.6722422,out_of_area,,out_of_area,false,false,outline:no_hit,
Grantville,3984,-38.4,145.533333,out_of_area,,out_of_area,false,false,outline:no_hit,
Granya,3701,-36.048535,147.2695104,out_of_area,,out_of_area,false,false,outline:no_hit,
Grass Flat,3409,-36.6779656,141.8453393,out_of_area,,out_of_area,false,false,outline:no_hit,
Grassdale,3302,-37.845417,141.6011181,out_of_area,,out_of_area,false,false,outline:no_hit,
Grassmere,3281,-38.2773243,142.5058556,out_of_area,,out_of_area,false,false,outline:no_hit,
Grassy Spur,3957,-38.6203815,146.108203,out_of_area,,out_of_area,false,false,outline:no_hit,
Grays Bridge,3477,-36.6184,142.9,out_of_area,,out_of_area,false,false,outline:no_hit,
Graytown,3608,-36.8525999,144.9288711,out_of_area,,out_of_area,false,false,outline:no_hit,
Gre Gre,3477,-36.6646,143.149,out_of_area,,out_of_area,false,false,outline:no_hit,
Gre Gre,3478,-36.664558,143.1494741,out_of_area,,out_of_area,false,false,outline:no_hit,
Gre Gre North,3477,-36.5645,143.055,out_of_area,,out_of_area,false,false,outline:no_hit,
Gre Gre North,3478,-36.5644744,143.0547935,out_of_area,,out_of_area,false,false,outline:no_hit,
Gre Gre South,3477,-36.6631,143.012,out_of_area,,out_of_area,false,false,outline:no_hit,
Gre Gre South,3478,-36.663093,143.01198,out_of_area,,out_of_area,false,false,outline:no_hit,
Great Southern,3685,-36.0835088,146.4889087,out_of_area,,out_of_area,false,false,outline:no_hit,
Great Western,3377,-37.15,142.85,out_of_area,,out_of_area,false,false,outline:no_hit,
Gredgwin,3537,-35.9728747,143.6244804,out_of_area,,out_of_area,false,false,outline:no_hit,
Green Gully,3462,-37.1185054,144.1011374,out_of_area,,out_of_area,false,false,outline:no_hit,
Green Lake,3401,-36.7936,142.294,out_of_area,,out_of_area,false,false,outline:no_hit,
Greendale,3341,-37.566944,144.316944,out_of_area,,out_of_area,false,false,outline:no_hit,
Greenhill,3444,-37.1865671,144.4338719,out_of_area,,out_of_area,false,false,outline:no_hit,
Greens Creek,3381,-36.9914497,142.8844298,out_of_area,,out_of_area,false,false,outline:no_hit,
Greens Creek,3387,-36.9914,142.884,out_of_area,,out_of_area,false,false,outline:no_hit,
Greensborough,3088,-37.7043698,145.1006438,out_of_area,,out_of_area,false,true,named_by_tom,
Greenvale,3059,-37.6454887,144.8841246,out_of_area,,out_of_area,false,false,outline:no_hit,
Greenwald,3304,-37.9718653,141.3642133,out_of_area,,out_of_area,false,false,outline:no_hit,
Grenville,3352,-37.7680894,143.8597174,out_of_area,,out_of_area,false,false,outline:no_hit,
Greta,3675,-36.5586809,146.262896,out_of_area,,out_of_area,false,false,outline:no_hit,
Greta South,3675,-36.6313773,146.2391485,out_of_area,,out_of_area,false,false,outline:no_hit,
Greta West,3675,-36.5219436,146.2268784,out_of_area,,out_of_area,false,false,outline:no_hit,
Grey River,3221,-38.680556,143.835,out_of_area,,out_of_area,false,false,outline:no_hit,
Grey River,3234,-38.6806,143.835,out_of_area,,out_of_area,false,false,outline:no_hit,
Greythorn,3104,-37.7965604,145.0984985,zone_1,zone_1,zone_1,false,false,outline:zone_1,
Gringegalgona,3315,-37.3866935,141.795834,out_of_area,,out_of_area,false,false,outline:no_hit,
Gritjurk,3315,-37.5726915,141.7859374,out_of_area,,out_of_area,false,false,outline:no_hit,
Grovedale,3216,-38.2,144.35,out_of_area,,out_of_area,false,false,outline:no_hit,
Grovedale East,3216,-38.2,144.35,out_of_area,,out_of_area,false,false,outline:no_hit,
Gruyere,3770,-37.734,145.45,out_of_area,,out_of_area,false,false,outline:no_hit,
Guildford,3451,-37.1496144,144.1754128,out_of_area,,out_of_area,false,false,outline:no_hit,
Gunbower,3566,-35.9553896,144.3576473,out_of_area,,out_of_area,false,false,outline:no_hit,
Gundowring,3691,-36.3479927,147.0752513,out_of_area,,out_of_area,false,false,outline:no_hit,
Gunyah,3960,-38.5256055,146.2551168,out_of_area,,out_of_area,false,false,outline:no_hit,
Guthridge,3850,-38.1075,147.082,out_of_area,,out_of_area,false,false,outline:no_hit,
Guys Forest,3709,-36.0745295,147.6456757,out_of_area,,out_of_area,false,false,outline:no_hit,
Guys Hill,3807,-38.017,145.386,out_of_area,,out_of_area,false,false,outline:no_hit,
Gymbowen,3401,-36.7259438,141.5620039,out_of_area,,out_of_area,false,false,outline:no_hit,
Haddon,3351,-37.588333,143.699444,out_of_area,,out_of_area,false,false,outline:no_hit,
Hadfield,3046,-37.71,144.95,pre_arranged,north-west and west,pre_arranged,false,true,approved_on_map,
Hallam,3803,-38.0069505,145.2756505,zone_3,zone_3,zone_3,false,true,approved_on_map,
Hallora,3818,-38.263584,145.8356799,out_of_area,,out_of_area,false,false,outline:no_hit,
Halls Gap,3381,-37.1467982,142.5235245,out_of_area,,out_of_area,false,false,outline:no_hit,
Hallston,3953,-38.363981,146.0207222,out_of_area,,out_of_area,false,false,outline:no_hit,
Hamilton,3300,-37.7455702,142.0178976,out_of_area,,out_of_area,false,false,outline:no_hit,
Hamlyn Heights,3215,-38.12,144.32,out_of_area,,out_of_area,false,false,outline:no_hit,
Hampton,3188,-37.937,145.009,zone_1,zone_1,zone_1,false,false,outline:zone_1,
Hampton East,3188,-37.939,145.031,zone_1,zone_1,zone_1,false,false,outline:zone_1,
Hampton North,3188,-37.9394031,145.0135139,zone_1,zone_1,zone_1,false,false,outline:zone_1,
Hampton Park,3976,-38.0349647,145.2756505,zone_3,zone_3,zone_3,false,true,approved_on_map,
Hanging Rock,3442,-37.334892,144.5944289,out_of_area,,out_of_area,false,false,outline:no_hit,
Hansonville,3675,-36.5928571,146.2573078,out_of_area,,out_of_area,false,false,outline:no_hit,
Happy Valley,3351,-37.7138138,143.5936688,out_of_area,,out_of_area,false,false,outline:no_hit,
Happy Valley,3360,-37.7138,143.594,out_of_area,,out_of_area,false,false,outline:no_hit,
Happy Valley,3549,-34.6630957,142.7185075,out_of_area,,out_of_area,false,false,outline:no_hit,
Harcourt,3453,-37,144.25,out_of_area,,out_of_area,false,false,outline:no_hit,
Harcourt North,3453,-36.9404173,144.2850068,out_of_area,,out_of_area,false,false,outline:no_hit,
Harkaway,3806,-37.999,145.344,zone_3,zone_3,zone_3,false,false,outline:zone_3,
Harkness,3337,-37.6669,144.564,out_of_area,,out_of_area,false,false,outline:no_hit,
Harmers Haven,3995,-38.6549515,145.5774025,out_of_area,,out_of_area,false,false,outline:no_hit,
Harrietville,3741,-36.8886692,147.0650375,out_of_area,,out_of_area,false,false,outline:no_hit,
Harrow,3317,-37.1477475,141.5781151,out_of_area,,out_of_area,false,false,outline:no_hit,
Harston,3616,-36.4677867,145.0955173,out_of_area,,out_of_area,false,false,outline:no_hit,
Hartwell,3124,-37.84407,145.075599,zone_1,zone_1,zone_1,false,false,outline:zone_1,
Hastings,3915,-38.306,145.189,out_of_area,,out_of_area,false,true,approved_on_map,
Hattah,3501,-34.7711842,142.38679,out_of_area,,out_of_area,false,false,outline:no_hit,
Havelock,3465,-36.9604672,143.7720261,out_of_area,,out_of_area,false,false,outline:no_hit,
Haven,3401,-36.75,142.183333,out_of_area,,out_of_area,false,false,outline:no_hit,
Havilah,3737,-36.6270079,146.8912838,out_of_area,,out_of_area,false,false,outline:no_hit,
Havillah,3737,-36.627,146.891,out_of_area,,out_of_area,false,false,outline:no_hit,
Hawkesdale,3287,-38.0541239,142.3048108,out_of_area,,out_of_area,false,false,outline:no_hit,
Hawkhurst,3862,-37.419557,147.1189167,out_of_area,,out_of_area,false,false,outline:no_hit,
Hawksburn,3142,-37.8447415,145.0022549,zone_1,zone_1,zone_1,false,false,outline:zone_1,
Hawthorn,3122,-37.8222114,145.0328017,zone_1,zone_1,zone_1,false,true,approved_on_map,
Hawthorn East,3123,-37.8310813,145.0520938,zone_1,zone_1,zone_1,false,false,outline:zone_1,
Hawthorn North,3122,-37.8146746,145.0216968,zone_1,zone_1,zone_1,false,false,outline:zone_1,
Hawthorn West,3122,-37.820148,145.0180561,zone_1,zone_1,zone_1,false,false,outline:zone_1,
Haydens Bog,3888,-37.1049248,148.8696613,out_of_area,,out_of_area,false,false,outline:no_hit,
Hazel Park,3966,-38.6357142,146.3880186,out_of_area,,out_of_area,false,false,outline:no_hit,
Hazeldene,3658,-37.3632656,145.2789336,out_of_area,,out_of_area,false,false,outline:no_hit,
Hazelwood,3840,-38.3133743,146.3621416,out_of_area,,out_of_area,false,false,outline:no_hit,
Hazelwood North,3840,-38.265189,146.4851099,out_of_area,,out_of_area,false,false,outline:no_hit,
Hazelwood South,3840,-38.3148097,146.4663922,out_of_area,,out_of_area,false,false,outline:no_hit,
Healesville,3777,-37.656111,145.513889,out_of_area,,out_of_area,false,false,outline:no_hit,
Healesville Main Street,3777,-37.6565,145.515,out_of_area,,out_of_area,false,false,outline:no_hit,
Healesville Post Shop,3777,-37.6541,145.515,out_of_area,,out_of_area,false,false,outline:no_hit,
Heath Field,3311,-37.58,141.15,out_of_area,,out_of_area,false,false,outline:no_hit,
Heath Hill,3981,-38.244,145.692,out_of_area,,out_of_area,false,false,outline:no_hit,
Heathcote,3523,-36.916667,144.7,out_of_area,,out_of_area,false,false,outline:no_hit,
Heathcote Junction,3758,-37.3853254,145.0438252,out_of_area,,out_of_area,false,false,outline:no_hit,
Heathcote South,3523,-37.0221951,144.7082568,out_of_area,,out_of_area,false,false,outline:no_hit,
Heatherton,3202,-37.9529597,145.0879338,zone_1,zone_1,zone_1,false,false,outline:zone_1,
Heathmere,3305,-38.2178397,141.6092063,out_of_area,,out_of_area,false,false,outline:no_hit,
Heathmont,3135,-37.83,145.242,zone_3,zone_3,zone_3,false,true,approved_on_map,
Heathwood,3134,-37.8292,145.228,zone_3,zone_3,zone_3,false,false,outline:zone_3,
Hedley,3967,-38.6705951,146.5392256,out_of_area,,out_of_area,false,false,outline:no_hit,
Heidelberg,3084,-37.752695,145.0703364,zone_2,zone_2,zone_2,false,true,approved_on_map,
Heidelberg Heights,3081,-37.742,145.053,zone_2,zone_2,zone_2,false,false,outline:zone_2,
Heidelberg Rgh,3081,-37.7418,145.044,zone_2,zone_2,zone_2,false,false,outline:zone_2,
Heidelberg West,3081,-37.744,145.047,zone_2,zone_2,zone_2,false,false,outline:zone_2,
Hensley Park,3301,-37.6164595,142.0182315,out_of_area,,out_of_area,false,false,outline:no_hit,
Henty,3312,-37.6831695,141.5213096,out_of_area,,out_of_area,false,false,outline:no_hit,
Hepburn,3461,-37.3118233,144.125661,out_of_area,,out_of_area,false,false,outline:no_hit,
Hepburn Springs,3461,-37.3147502,144.1474662,out_of_area,,out_of_area,false,false,outline:no_hit,
Herne Hill,3218,-38.1329,144.3305,out_of_area,,out_of_area,false,false,outline:no_hit,
Hernes Oak,3825,-38.2172515,146.30971,out_of_area,,out_of_area,false,false,outline:no_hit,
Hesket,3442,-37.35,144.616667,out_of_area,,out_of_area,false,false,outline:no_hit,
Hesse,3321,-38.0833159,143.8766076,out_of_area,,out_of_area,false,false,outline:no_hit,
Hexham,3273,-37.9654484,142.6814062,out_of_area,,out_of_area,false,false,outline:no_hit,
Heyfield,3858,-37.9827396,146.7911606,out_of_area,,out_of_area,false,false,outline:no_hit,
Heytesbury Lower,3268,-38.5769004,142.9417963,out_of_area,,out_of_area,false,false,outline:no_hit,
Heywood,3304,-38.133333,141.6166671,out_of_area,,out_of_area,false,false,outline:no_hit,
Hiamdale,3847,-38.2643115,146.7554393,out_of_area,,out_of_area,false,false,outline:no_hit,
Hiawatha,3971,-38.5385525,146.4730429,out_of_area,,out_of_area,false,false,outline:no_hit,
Hicksborough,3995,-38.592247,145.5896427,out_of_area,,out_of_area,false,false,outline:no_hit,
Hidden Valley,3756,-37.3952162,144.9903551,out_of_area,,out_of_area,false,false,outline:no_hit,
High Camp,3764,-37.1932159,144.8937671,out_of_area,,out_of_area,false,false,outline:no_hit,
Highett,3190,-37.9487497,145.0410692,zone_1,zone_1,zone_1,false,false,outline:zone_1,
Highlands,3660,-37.1016951,145.3927933,out_of_area,,out_of_area,false,false,outline:no_hit,
Highpoint City,3032,-37.7732279,144.8893046,zone_5,zone_5,zone_5,false,false,outline:zone_5,
Highton,3216,-38.171,144.318,out_of_area,,out_of_area,false,false,outline:no_hit,
Hilgay,3315,-37.6249601,141.6047566,out_of_area,,out_of_area,false,false,outline:no_hit,
Hill End,3825,-38.01021,146.1511962,out_of_area,,out_of_area,false,false,outline:no_hit,
Hillcrest,3351,-37.6155727,143.6339403,out_of_area,,out_of_area,false,false,outline:no_hit,
Hilldene,3660,-37.0395,145.038,out_of_area,,out_of_area,false,false,outline:no_hit,
Hillside,3037,-37.687,144.743,out_of_area,,pre_arranged,false,true,approved_on_map,"outline said out_of_area, CSV says pre_arranged"
Hillside,3875,-37.826996,147.5366825,out_of_area,,out_of_area,false,false,outline:no_hit,
Hinnomunjie,3898,-37.0180032,147.6490239,out_of_area,,out_of_area,false,false,outline:no_hit,
Hoddle,3959,-38.6878834,146.1282062,out_of_area,,out_of_area,false,false,outline:no_hit,
Hoddles Creek,3139,-37.833,145.583,out_of_area,,out_of_area,false,false,outline:no_hit,
Hollands Landing,3862,-38.048,147.461,out_of_area,,out_of_area,false,false,outline:no_hit,
Hollands Landing,3875,-38.048,147.461,out_of_area,,out_of_area,false,false,outline:no_hit,
Holmesglen,3148,-37.885752,145.0917386,zone_1,zone_1,zone_1,false,false,outline:zone_1,
Homebush,3465,-37.0198599,143.5456416,out_of_area,,out_of_area,false,false,outline:no_hit,
Homerton,3304,-38.1151185,141.7700656,out_of_area,,out_of_area,false,false,outline:no_hit,
Homewood,3717,-37.1920857,145.3302481,out_of_area,,out_of_area,false,false,outline:no_hit,
Hopetoun,3396,-35.7360202,142.318772,out_of_area,,out_of_area,false,false,outline:no_hit,
Hopetoun Gardens,3162,-37.8862817,145.010627,zone_1,zone_1,zone_1,false,false,outline:zone_1,
Hopetoun Park,3340,-37.6978954,144.5053764,out_of_area,,out_of_area,false,false,outline:no_hit,
Hopevale,3396,-35.808189,142.239395,out_of_area,,out_of_area,false,false,outline:no_hit,
Hoppers Crossing,3029,-37.8629027,144.6854533,out_of_area,,out_of_area,false,false,outline:no_hit,
Hordern Vale,3238,-38.7746222,143.500686,out_of_area,,out_of_area,false,false,outline:no_hit,
Horfield,3567,-35.879573,144.2245137,out_of_area,,out_of_area,false,false,outline:no_hit,
Horsham,3400,-36.7204107,142.1806128,out_of_area,,out_of_area,false,false,outline:no_hit,
Horsham,3401,-36.7188618,142.1962316,out_of_area,,out_of_area,false,false,outline:no_hit,
Horsham West,3400,-36.73657,142.2098067,out_of_area,,out_of_area,false,false,outline:no_hit,
Hotham Heights,3741,-36.9940351,147.1520733,out_of_area,,out_of_area,false,false,outline:no_hit,
Hotham Hill,3051,-37.8009,144.953,zone_2,zone_2,zone_2,false,false,outline:zone_2,
Hotspur,3303,-37.9351083,141.5350509,out_of_area,,out_of_area,false,false,outline:no_hit,
Houston,3128,-37.8448939,145.1300661,zone_1,zone_1,zone_1,false,false,outline:zone_1,
Howes Creek,3723,-37.1234786,146.0051431,out_of_area,,out_of_area,false,false,outline:no_hit,
Howitt Plains,3858,-37.2063,146.686,out_of_area,,out_of_area,false,false,outline:no_hit,
Howqua,3723,-37.2263406,146.1870498,out_of_area,,out_of_area,false,false,outline:no_hit,
Howqua Hills,3723,-37.1921242,146.3262019,out_of_area,,out_of_area,false,false,outline:no_hit,
Howqua Inlet,3723,-37.232544,146.1337552,out_of_area,,out_of_area,false,false,outline:no_hit,
Hughesdale,3166,-37.8966159,145.0832264,zone_1,zone_1,zone_1,false,false,outline:zone_1,
Hume Weir,3691,-36.1716037,147.0353982,out_of_area,,out_of_area,false,false,outline:no_hit,
Humevale,3757,-37.497,145.175,out_of_area,,out_of_area,false,false,outline:no_hit,
Hunter,3558,-36.4180047,144.5305377,out_of_area,,out_of_area,false,false,outline:no_hit,
Hunterston,3971,-38.5994635,146.7829884,out_of_area,,out_of_area,false,false,outline:no_hit,
Huntingdale,3166,-37.9074344,145.1086176,zone_1,zone_1,zone_1,false,false,outline:zone_1,
Huntly,3551,-36.664933,144.3289536,out_of_area,,out_of_area,false,false,outline:no_hit,
Huntly North,3551,-36.6173012,144.335443,out_of_area,,out_of_area,false,false,outline:no_hit,
Huon,3695,-36.2061236,147.0468626,out_of_area,,out_of_area,false,false,outline:no_hit,
Huon Creek,3691,-36.152069,146.8124847,out_of_area,,out_of_area,false,false,outline:no_hit,
Hurdle Flat,3747,-36.389,146.744,out_of_area,,out_of_area,false,false,outline:no_hit,
Hurstbridge,3099,-37.638889,145.195,out_of_area,,out_of_area,false,false,outline:no_hit,
Icy Creek,3833,-37.883333,146.1,out_of_area,,out_of_area,false,false,outline:no_hit,
Iguana Creek,3875,-37.7524046,147.3644833,out_of_area,,out_of_area,false,false,outline:no_hit,
Illabarook,3351,-37.8321891,143.6520525,out_of_area,,out_of_area,false,false,outline:no_hit,
Illawarra,3381,-37.0507405,142.6941054,out_of_area,,out_of_area,false,false,outline:no_hit,
Illowa,3282,-38.3240971,142.3940586,out_of_area,,out_of_area,false,false,outline:no_hit,
Indented Head,3223,-38.138056,144.71,out_of_area,,out_of_area,false,false,outline:no_hit,
Indigo,3683,-36.1761,146.584,out_of_area,,out_of_area,false,false,outline:no_hit,
Indigo Upper,3688,-36.2381,146.793,out_of_area,,out_of_area,false,false,outline:no_hit,
Indigo Valley,3688,-36.1773993,146.7464131,out_of_area,,out_of_area,false,false,outline:no_hit,
Inglewood,3517,-36.576389,143.868889,out_of_area,,out_of_area,false,false,outline:no_hit,
Ingliston,3342,-37.6434828,144.2927596,out_of_area,,out_of_area,false,false,outline:no_hit,
Inkerman,3472,-36.7919234,143.6772813,out_of_area,,out_of_area,false,false,outline:no_hit,
Invergordon,3636,-36.1313962,145.6023644,out_of_area,,out_of_area,false,false,outline:no_hit,
Invergordon South,3634,-36.1453,145.591,out_of_area,,out_of_area,false,false,outline:no_hit,
Inverleigh,3321,-38.1028946,144.0398618,out_of_area,,out_of_area,false,false,outline:no_hit,
Inverloch,3996,-38.6334,145.7278,out_of_area,,out_of_area,false,false,outline:no_hit,
Invermay,3352,-37.502394,143.8780526,out_of_area,,out_of_area,false,false,outline:no_hit,
Invermay Park,3350,-37.5305636,143.8590384,out_of_area,,out_of_area,false,false,outline:no_hit,
Iona,3815,-38.15,145.683333,out_of_area,,out_of_area,false,false,outline:no_hit,
Iraak,3494,-34.416667,142.316667,out_of_area,,out_of_area,false,false,outline:no_hit,
Irishtown,3451,-37.15,144.233333,out_of_area,,out_of_area,false,false,outline:no_hit,
Ironbark,3550,-36.7555238,144.2634067,out_of_area,,out_of_area,false,false,outline:no_hit,
Irrewarra,3249,-38.3167164,143.6444066,out_of_area,,out_of_area,false,false,outline:no_hit,
Irrewillipe,3249,-38.4192398,143.4189558,out_of_area,,out_of_area,false,false,outline:no_hit,
Irrewillipe East,3249,-38.4178071,143.4783871,out_of_area,,out_of_area,false,false,outline:no_hit,
Irymple,3498,-34.2495272,142.159382,out_of_area,,out_of_area,false,false,outline:no_hit,
Ivanhoe,3079,-37.7703,145.0457,zone_2,zone_2,zone_2,false,true,approved_on_map,
Ivanhoe East,3079,-37.772,145.066,zone_2,zone_2,zone_2,false,false,outline:zone_2,
Ivanhoe North,3079,-37.7595762,145.0442237,zone_2,zone_2,zone_2,false,false,outline:zone_2,
Jacana,3047,-37.687232,144.9128564,pre_arranged,north-west and west,pre_arranged,false,false,outline:north-west and west,
Jack River,3971,-38.570278,146.553889,out_of_area,,out_of_area,false,false,outline:no_hit,
Jackass Flat,3556,-36.716667,144.283333,out_of_area,,out_of_area,false,false,outline:no_hit,
Jacob Creek,3825,-38.0053348,146.4104044,out_of_area,,out_of_area,false,false,outline:no_hit,
Jallakin,3318,-37.0614,141.305,out_of_area,,out_of_area,false,false,outline:no_hit,
Jallukur,3377,-37.2419,142.698,out_of_area,,out_of_area,false,false,outline:no_hit,
Jallumba,3401,-36.9311,141.947,out_of_area,,out_of_area,false,false,outline:no_hit,
Jam Jerrup,3984,-38.3217802,145.5204241,out_of_area,,out_of_area,false,false,outline:no_hit,
Jamieson,3723,-37.2977261,146.1609645,out_of_area,,out_of_area,false,false,outline:no_hit,
Jan Juc,3228,-38.333333,144.3,out_of_area,,out_of_area,false,false,outline:no_hit,
Jancourt,3266,-38.3686742,143.0942712,out_of_area,,out_of_area,false,false,outline:no_hit,
Jancourt East,3266,-38.3938486,143.1366284,out_of_area,,out_of_area,false,false,outline:no_hit,
Jarklin,3517,-36.2391629,143.9708139,out_of_area,,out_of_area,false,false,outline:no_hit,
Jarrahmond,3888,-37.6902765,148.4156549,out_of_area,,out_of_area,false,false,outline:no_hit,
Jarvis Creek,3700,-36.1713405,147.218909,out_of_area,,out_of_area,false,false,outline:no_hit,
Jeeralang,3840,-38.3655463,146.4386213,out_of_area,,out_of_area,false,false,outline:no_hit,
Jeeralang Junction,3840,-38.3436308,146.4104044,out_of_area,,out_of_area,false,false,outline:no_hit,
Jeetho,3945,-38.4130762,145.7251956,out_of_area,,out_of_area,false,false,outline:no_hit,
Jeffcott,3480,-36.274215,143.139624,out_of_area,,out_of_area,false,false,outline:no_hit,
Jeffcott,3525,-36.2742,143.14,out_of_area,,out_of_area,false,false,outline:no_hit,
Jeffcott North,3480,-36.2505994,143.0905746,out_of_area,,out_of_area,false,false,outline:no_hit,
Jeffcott North,3525,-36.2506,143.091,out_of_area,,out_of_area,false,false,outline:no_hit,
Jeparit,3423,-36.134382,141.9791849,out_of_area,,out_of_area,false,false,outline:no_hit,
Jericho,3825,-37.6662128,146.22889,out_of_area,,out_of_area,false,false,outline:no_hit,
Jeruk,3527,-36.0138,143.426,out_of_area,,out_of_area,false,false,outline:no_hit,
Jil Jil,3483,-35.8218762,142.976087,out_of_area,,out_of_area,false,false,outline:no_hit,
Jilpanger,3401,-36.9317,141.665,out_of_area,,out_of_area,false,false,outline:no_hit,
Jilpanger,3409,-36.9316644,141.6651808,out_of_area,,out_of_area,false,false,outline:no_hit,
Jindivick,3818,-38.033333,145.9,out_of_area,,out_of_area,false,false,outline:no_hit,
Joel Joel,3381,-37.0112693,143.0005674,out_of_area,,out_of_area,false,false,outline:no_hit,
Joel Joel,3384,-37.0113,143.001,out_of_area,,out_of_area,false,false,outline:no_hit,
Joel South,3381,-37.052388,143.043542,out_of_area,,out_of_area,false,false,outline:no_hit,
Joel South,3384,-37.0524,143.044,out_of_area,,out_of_area,false,false,outline:no_hit,
Johanna,3238,-38.7350439,143.4101801,out_of_area,,out_of_area,false,false,outline:no_hit,
Johnsonville,3902,-37.8177196,147.8044654,out_of_area,,out_of_area,false,false,outline:no_hit,
Johnstones Hill,3870,-38.3804,146.291,out_of_area,,out_of_area,false,false,outline:no_hit,
Jordanville,3148,-37.8736,145.112,zone_1,zone_1,zone_1,false,false,outline:zone_1,
Joyces Creek,3364,-37.0991,143.988,out_of_area,,out_of_area,false,false,outline:no_hit,
Joyces Creek,3462,-37.0991451,143.9878151,out_of_area,,out_of_area,false,false,outline:no_hit,
Jumbuk,3869,-38.3747997,146.4051598,out_of_area,,out_of_area,false,false,outline:no_hit,
Jumbunna,3951,-38.4623193,145.7762516,out_of_area,,out_of_area,false,false,outline:no_hit,
Junction Village,3977,-38.132,145.293,pre_arranged,Cranbourne to Pakenham,pre_arranged,false,false,outline:Cranbourne to Pakenham,
Jung,3399,-36.6289,142.336,out_of_area,,out_of_area,false,false,outline:no_hit,
Jung,3401,-36.6288597,142.3363938,out_of_area,,out_of_area,false,false,outline:no_hit,
Jungaburra,3575,-36.0752645,144.2952505,out_of_area,,out_of_area,false,false,outline:no_hit,
Junortoun,3551,-36.7778248,144.379516,out_of_area,,out_of_area,false,false,outline:no_hit,
Kaarimba,3635,-36.1399798,145.2943066,out_of_area,,out_of_area,false,false,outline:no_hit,
Kadnook,3318,-37.2022733,141.347999,out_of_area,,out_of_area,false,false,outline:no_hit,
Kalimna,3909,-37.866369,147.9673981,out_of_area,,out_of_area,false,false,outline:no_hit,
Kalimna West,3909,-37.8479661,147.9297636,out_of_area,,out_of_area,false,false,outline:no_hit,
Kalkallo,3064,-37.5245635,144.955677,out_of_area,,out_of_area,false,false,outline:no_hit,
Kalkee,3401,-36.6058625,142.2583468,out_of_area,,out_of_area,false,false,outline:no_hit,
Kallista,3791,-37.9051015,145.4111713,out_of_area,,zone_3,true,true,named_by_tom_as_dandenong_ranges,"outline said out_of_area, CSV says zone_3"
Kalorama,3766,-37.8194936,145.3862638,zone_3,zone_3,zone_3,true,true,named_by_tom_as_dandenong_ranges,
Kalpienung,3529,-35.8374233,143.2631343,out_of_area,,out_of_area,false,false,outline:no_hit,
Kamarooka,3570,-36.4873812,144.3848445,out_of_area,,out_of_area,false,false,outline:no_hit,
Kamarooka North,3571,-36.4040332,144.313752,out_of_area,,out_of_area,false,false,outline:no_hit,
Kanagulk,3401,-37.1708998,141.8090951,out_of_area,,out_of_area,false,false,outline:no_hit,
Kancoona,3691,-36.5942273,147.000254,out_of_area,,out_of_area,false,false,outline:no_hit,
Kancoona South,3691,-36.5961,146.999,out_of_area,,out_of_area,false,false,outline:no_hit,
Kangaroo Flat,3555,-36.783333,144.233333,out_of_area,,out_of_area,false,false,outline:no_hit,
Kangaroo Ground,3097,-37.686,145.216,out_of_area,,out_of_area,false,false,outline:no_hit,
Kaniva,3419,-36.3672353,141.2213044,out_of_area,,out_of_area,false,false,outline:no_hit,
Kanumbra,3719,-37.0446471,145.7043648,out_of_area,,out_of_area,false,false,outline:no_hit,
Kanya,3381,-36.7822896,142.997717,out_of_area,,out_of_area,false,false,outline:no_hit,
Kanya,3387,-36.7823,142.998,out_of_area,,out_of_area,false,false,outline:no_hit,
Kanyapella,3564,-36.1091548,144.8700277,out_of_area,,out_of_area,false,false,outline:no_hit,
Karabeal,3294,-37.5872103,142.2333099,out_of_area,,out_of_area,false,false,outline:no_hit,
Kardella,3951,-38.421149,145.8746249,out_of_area,,out_of_area,false,false,outline:no_hit,
Kardella South,3950,-38.4584478,145.8746249,out_of_area,,out_of_area,false,false,outline:no_hit,
Kariah,3260,-38.1340766,143.2308428,out_of_area,,out_of_area,false,false,outline:no_hit,
Karingal,3199,-38.1421518,145.1581699,zone_4,zone_4,zone_4,false,false,outline:zone_4,
Karingal Centre,3199,-38.1531656,145.1655844,zone_4,zone_4,zone_4,false,false,outline:zone_4,
Karnak,3401,-36.8387468,141.5067129,out_of_area,,out_of_area,false,false,outline:no_hit,
Karramomus,3631,-36.5264916,145.4641232,out_of_area,,out_of_area,false,false,outline:no_hit,
Karyrie,3483,-35.9702789,142.8416475,out_of_area,,out_of_area,false,false,outline:no_hit,
Katamatite,3649,-36.0527793,145.6835389,out_of_area,,out_of_area,false,false,outline:no_hit,
Katamatite East,3649,-36.0110345,145.7484624,out_of_area,,out_of_area,false,false,outline:no_hit,
Katandra,3634,-36.2081387,145.6019917,out_of_area,,out_of_area,false,false,outline:no_hit,
Katandra West,3634,-36.2260077,145.5690835,out_of_area,,out_of_area,false,false,outline:no_hit,
Katunga,3640,-36.0111562,145.4693163,out_of_area,,out_of_area,false,false,outline:no_hit,
Kawarren,3249,-38.4922351,143.5837732,out_of_area,,out_of_area,false,false,outline:no_hit,
Kealba,3021,-37.7327512,144.8238362,pre_arranged,north-west and west,pre_arranged,false,false,outline:north-west and west,
Keely,3568,-35.8543258,144.2429343,out_of_area,,out_of_area,false,false,outline:no_hit,
Keilor,3036,-37.712,144.831,pre_arranged,north-west and west,pre_arranged,false,true,named_by_tom,
Keilor Downs,3038,-37.722,144.803,pre_arranged,north-west and west,pre_arranged,false,false,outline:north-west and west,
Keilor East,3033,-37.7343192,144.8566207,pre_arranged,north-west and west,pre_arranged,false,true,approved_on_map,
Keilor Lodge,3038,-37.6982783,144.7988921,pre_arranged,north-west and west,pre_arranged,false,false,outline:north-west and west,
Keilor North,3036,-37.68,144.784,out_of_area,,out_of_area,false,false,outline:no_hit,
Keilor Park,3042,-37.7200817,144.8514577,pre_arranged,north-west and west,pre_arranged,false,false,outline:north-west and west,
Kellalac,3393,-36.3911966,142.3763086,out_of_area,,out_of_area,false,false,outline:no_hit,
Kelvin View,3666,-36.8213209,145.6682696,out_of_area,,out_of_area,false,false,outline:no_hit,
Kenley,3597,-34.870833,143.3329313,out_of_area,,out_of_area,false,false,outline:no_hit,
Kenmare,3395,-35.9098771,142.1737382,out_of_area,,out_of_area,false,false,outline:no_hit,
Kennedys Creek,3239,-38.6051768,143.2587937,out_of_area,,out_of_area,false,false,outline:no_hit,
Kennett River,3221,-38.6657459,143.8574394,out_of_area,,out_of_area,false,false,outline:no_hit,
Kennett River,3234,-38.6657,143.857,out_of_area,,out_of_area,false,false,outline:no_hit,
Kennington,3550,-36.768937,144.305733,out_of_area,,out_of_area,false,false,outline:no_hit,
Kensington,3031,-37.7941207,144.9276659,zone_2,zone_2,zone_2,false,true,approved_on_map,
Keon Park,3073,-37.694627,145.0118427,zone_2,zone_2,zone_2,false,false,outline:zone_2,
Kerang,3579,-35.7409643,143.9261931,out_of_area,,out_of_area,false,false,outline:no_hit,
Kerang East,3579,-35.7724872,144.0381604,out_of_area,,out_of_area,false,false,outline:no_hit,
Kergunyah,3691,-36.3415784,147.0076483,out_of_area,,out_of_area,false,false,outline:no_hit,
Kergunyah South,3691,-36.4268421,147.0361627,out_of_area,,out_of_area,false,false,outline:no_hit,
Kernot,3979,-38.4401032,145.6200499,out_of_area,,out_of_area,false,false,outline:no_hit,
Kerrie,3434,-37.3803808,144.6698355,out_of_area,,out_of_area,false,false,outline:no_hit,
Kerrimuir,3129,-37.8025133,145.1326143,zone_1,zone_1,zone_1,false,false,outline:zone_1,
Kerrisdale,3660,-37.1761808,145.2542355,out_of_area,,out_of_area,false,false,outline:no_hit,
Kevington,3723,-37.344075,146.1365429,out_of_area,,out_of_area,false,false,outline:no_hit,
Kew,3101,-37.803516,145.0328017,zone_1,zone_1,zone_1,false,true,named_by_tom,
Kew East,3102,-37.7922797,145.0548502,zone_1,zone_1,zone_1,false,true,approved_on_map,
Kewell,3390,-36.469398,142.3989371,out_of_area,,out_of_area,false,false,outline:no_hit,
Keysborough,3173,-38.0042683,145.1706992,zone_3,zone_3,zone_3,false,true,named_by_tom,
Kialla,3631,-36.441,145.43,out_of_area,,out_of_area,false,false,outline:no_hit,
Kialla East,3631,-36.4594256,145.4776641,out_of_area,,out_of_area,false,false,outline:no_hit,
Kialla West,3631,-36.4737441,145.3917982,out_of_area,,out_of_area,false,false,outline:no_hit,
Kiata,3418,-36.4187348,141.7529589,out_of_area,,out_of_area,false,false,outline:no_hit,
Kiewa,3691,-36.2732078,147.019899,out_of_area,,out_of_area,false,false,outline:no_hit,
Kilcunda,3995,-38.5498,145.4761,out_of_area,,out_of_area,false,false,outline:no_hit,
Kilfeera,3673,-36.6115,146.113,out_of_area,,out_of_area,false,false,outline:no_hit,
Killara,3312,-37.7491162,141.3925806,out_of_area,,out_of_area,false,false,outline:no_hit,
Killara,3691,-36.1385938,146.952051,out_of_area,,out_of_area,false,false,outline:no_hit,
Killarney,3283,-38.3451308,142.308467,out_of_area,,out_of_area,false,false,outline:no_hit,
Killawarra,3678,-36.2642952,146.2475293,out_of_area,,out_of_area,false,false,outline:no_hit,
Killingworth,3717,-37.1869104,145.4124348,out_of_area,,out_of_area,false,false,outline:no_hit,
Kilmany,3851,-38.1140626,146.9077363,out_of_area,,out_of_area,false,false,outline:no_hit,
Kilmore,3764,-37.3016566,144.9497232,out_of_area,,out_of_area,false,false,outline:no_hit,
Kilmore East,3764,-37.2930364,144.9811479,out_of_area,,out_of_area,false,false,outline:no_hit,
Kilsyth,3137,-37.802,145.316,zone_3,zone_3,zone_3,true,true,approved_on_map,
Kilsyth South,3137,-37.8296238,145.3115843,zone_3,zone_3,zone_3,false,false,outline:zone_3,
Kimbolton,3551,-36.9256864,144.5307089,out_of_area,,out_of_area,false,false,outline:no_hit,
King Valley,3678,-36.694722,146.401667,out_of_area,,out_of_area,false,false,outline:no_hit,
Kinglake,3763,-37.518382,145.3591263,out_of_area,,out_of_area,false,false,outline:no_hit,
Kinglake Central,3757,-37.493954,145.325409,out_of_area,,out_of_area,false,false,outline:no_hit,
Kinglake West,3757,-37.466667,145.233333,out_of_area,,out_of_area,false,false,outline:no_hit,
Kingower,3517,-36.602269,143.7785224,out_of_area,,out_of_area,false,false,outline:no_hit,
Kings Park,3021,-37.734,144.772,pre_arranged,north-west and west,pre_arranged,false,false,outline:north-west and west,
Kingsbury,3083,-37.715,145.034,zone_2,zone_2,zone_2,false,true,approved_on_map,
Kingston,3364,-37.366667,143.95,out_of_area,,out_of_area,false,false,outline:no_hit,
Kingsville,3012,-37.809,144.878,zone_5,zone_5,zone_5,false,true,approved_on_map,
Kingsville West,3012,-37.809,144.878,zone_5,zone_5,zone_5,false,false,outline:zone_5,
Kinnabulla,3483,-35.8927605,142.7960957,out_of_area,,out_of_area,false,false,outline:no_hit,
Kinypanial,3520,-36.353301,143.7520153,out_of_area,,out_of_area,false,false,outline:no_hit,
Kirkstall,3283,-38.2794244,142.3071773,out_of_area,,out_of_area,false,false,outline:no_hit,
Kirwans Bridge,3608,-36.737345,145.1366924,out_of_area,,out_of_area,false,false,outline:no_hit,
Kithbrook,3666,-36.8147407,145.7390855,out_of_area,,out_of_area,false,false,outline:no_hit,
Knebsworth,3286,-37.9930783,141.8451677,out_of_area,,out_of_area,false,false,outline:no_hit,
Knockwood,3723,-37.4295,146.23,out_of_area,,out_of_area,false,false,outline:no_hit,
Knowsley,3523,-36.8255256,144.5849219,out_of_area,,out_of_area,false,false,outline:no_hit,
Knox City Centre,3152,-37.8688889,145.2411111,zone_3,zone_3,zone_3,false,false,outline:zone_3,
Knoxfield,3180,-37.8887649,145.250782,zone_3,zone_3,zone_3,false,false,outline:zone_3,
Koallah,3260,-38.2972927,143.2450824,out_of_area,,out_of_area,false,false,outline:no_hit,
Kobyboyn,3660,-37.0460551,145.227921,out_of_area,,out_of_area,false,false,outline:no_hit,
Koetong,3704,-36.1192035,147.5306312,out_of_area,,out_of_area,false,false,outline:no_hit,
Kolora,3265,-38.1370979,142.9284403,out_of_area,,out_of_area,false,false,outline:no_hit,
Kongwak,3951,-38.5174647,145.7096128,out_of_area,,out_of_area,false,false,outline:no_hit,
Konongwootong,3315,-37.516829,141.6536374,out_of_area,,out_of_area,false,false,outline:no_hit,
Koo Wee Rup,3981,-38.198,145.489,out_of_area,,out_of_area,false,false,outline:no_hit,
Koo Wee Rup North,3981,-38.1486911,145.5385871,out_of_area,,out_of_area,false,false,outline:no_hit,
Kooloonong,3597,-34.8719155,143.1404956,out_of_area,,out_of_area,false,false,outline:no_hit,
Koonda,3669,-36.495663,145.7446421,out_of_area,,out_of_area,false,false,outline:no_hit,
Koondrook,3580,-35.6445701,144.1174856,out_of_area,,out_of_area,false,false,outline:no_hit,
Koonoomoo,3644,-35.888682,145.5750049,out_of_area,,out_of_area,false,false,outline:no_hit,
Koonwarra,3954,-38.5615123,145.9469958,out_of_area,,out_of_area,false,false,outline:no_hit,
Kooreh,3477,-36.6432,143.415,out_of_area,,out_of_area,false,false,outline:no_hit,
Kooreh,3478,-36.6432108,143.4152429,out_of_area,,out_of_area,false,false,outline:no_hit,
Koorlong,3501,-34.2479402,142.0423986,out_of_area,,out_of_area,false,false,outline:no_hit,
Koornalla,3844,-38.3267086,146.5322429,out_of_area,,out_of_area,false,false,outline:no_hit,
Kooroocheang,3364,-37.2916777,144.0228493,out_of_area,,out_of_area,false,false,outline:no_hit,
Koorool,3860,-37.7262,146.943,out_of_area,,out_of_area,false,false,outline:no_hit,
Koorooman,3953,-38.4840904,146.042782,out_of_area,,out_of_area,false,false,outline:no_hit,
Kooyong,3144,-37.841944,145.035,zone_1,zone_1,zone_1,false,false,outline:zone_1,
Koriella,3714,-37.1712677,145.6720867,out_of_area,,out_of_area,false,false,outline:no_hit,
Korobeit,3341,-37.5851686,144.3412497,out_of_area,,out_of_area,false,false,outline:no_hit,
Koroit,3282,-38.2960425,142.3553505,out_of_area,,out_of_area,false,false,outline:no_hit,
Korong Vale,3520,-36.3557749,143.695912,out_of_area,,out_of_area,false,false,outline:no_hit,
Koroop,3579,-35.7337783,144.0196288,out_of_area,,out_of_area,false,false,outline:no_hit,
Korrine,3979,-38.5131586,145.6419624,out_of_area,,out_of_area,false,false,outline:no_hit,
Korumburra,3950,-38.4378364,145.8150854,out_of_area,,out_of_area,false,false,outline:no_hit,
Korumburra South,3950,-38.4661814,145.8470086,out_of_area,,out_of_area,false,false,outline:no_hit,
Korweinguboora,3461,-37.4491886,144.1382841,out_of_area,,out_of_area,false,false,outline:no_hit,
Kotta,3565,-36.186252,144.5327632,out_of_area,,out_of_area,false,false,outline:no_hit,
Kotupna,3638,-36.1483333,145.1334448,out_of_area,,out_of_area,false,false,outline:no_hit,
Koyuga,3622,-36.234256,144.9026948,out_of_area,,out_of_area,false,false,outline:no_hit,
Koyuga South,3621,-36.2331845,144.9832134,out_of_area,,out_of_area,false,false,outline:no_hit,
Krowera,3945,-38.4419698,145.6642077,out_of_area,,out_of_area,false,false,outline:no_hit,
Kulwin,3490,-34.9868269,142.5936157,out_of_area,,out_of_area,false,false,outline:no_hit,
Kunat,3585,-35.5140079,143.5379778,out_of_area,,out_of_area,false,false,outline:no_hit,
Kunyung,3930,-38.1912818,145.0789201,zone_4,zone_4,zone_4,false,false,outline:zone_4,
Kurraca,3518,-36.5035155,143.6173553,out_of_area,,out_of_area,false,false,outline:no_hit,
Kurraca West,3518,-36.5202438,143.5598436,out_of_area,,out_of_area,false,false,outline:no_hit,
Kurting,3517,-36.5381593,143.8257746,out_of_area,,out_of_area,false,false,outline:no_hit,
Kurunjang,3337,-37.672,144.585,out_of_area,,out_of_area,false,false,outline:no_hit,
Ky Valley,3621,-36.2836761,145.0108596,out_of_area,,out_of_area,false,false,outline:no_hit,
Ky West,3621,-36.299005,144.9648878,out_of_area,,out_of_area,false,false,outline:no_hit,
Kyabram,3620,-36.3139409,145.0468064,out_of_area,,out_of_area,false,false,outline:no_hit,
Kyabram South,3620,-36.3790246,145.0720796,out_of_area,,out_of_area,false,false,outline:no_hit,
Kyneton,3444,-37.233333,144.45,out_of_area,,out_of_area,false,false,outline:no_hit,
Kyneton South,3444,-37.3015246,144.4554192,out_of_area,,out_of_area,false,false,outline:no_hit,
Kyvalley,3621,-36.2837,145.011,out_of_area,,out_of_area,false,false,outline:no_hit,
La Trobe University,3083,-37.7206639,145.0483389,zone_2,zone_2,zone_2,false,false,outline:zone_2,
La Trobe University,3086,-37.7229498,145.0503127,zone_2,zone_2,zone_2,false,false,outline:zone_2,
Laanecoorie,3463,-36.8270468,143.8796572,out_of_area,,out_of_area,false,false,outline:no_hit,
Laang,3265,-38.3630117,142.7980853,out_of_area,,out_of_area,false,false,outline:no_hit,
Labertouche,3816,-38.0306894,145.805379,out_of_area,,out_of_area,false,false,outline:no_hit,
Laburnum,3130,-37.8211429,145.1453744,zone_1,zone_1,zone_1,false,false,outline:zone_1,
Laceby,3678,-36.4339973,146.3160003,out_of_area,,out_of_area,false,false,outline:no_hit,
Ladys Pass,3523,-36.8260392,144.6862995,out_of_area,,out_of_area,false,false,outline:no_hit,
Laen,3480,-36.4313084,142.8135209,out_of_area,,out_of_area,false,false,outline:no_hit,
Laen East,3480,-36.3981546,142.9022519,out_of_area,,out_of_area,false,false,outline:no_hit,
Laen North,3480,-36.3558441,142.8253033,out_of_area,,out_of_area,false,false,outline:no_hit,
Lah,3393,-36.1183472,142.3896186,out_of_area,,out_of_area,false,false,outline:no_hit,
Laharum,3401,-36.9806285,142.2931785,out_of_area,,out_of_area,false,false,outline:no_hit,
Lake Boga,3584,-35.4334504,143.6211297,out_of_area,,out_of_area,false,false,outline:no_hit,
Lake Bolac,3351,-37.7112844,142.839973,out_of_area,,out_of_area,false,false,outline:no_hit,
Lake Buloke,3480,-36.263595,142.9707014,out_of_area,,out_of_area,false,false,outline:no_hit,
Lake Bunga,3909,-37.8616357,148.0384692,out_of_area,,out_of_area,false,false,outline:no_hit,
Lake Charm,3581,-35.6026039,143.8020236,out_of_area,,out_of_area,false,false,outline:no_hit,
Lake Condah,3303,-38.0624522,141.8324645,out_of_area,,out_of_area,false,false,outline:no_hit,
Lake Eildon,3713,-37.1200442,145.8968867,out_of_area,,out_of_area,false,false,outline:no_hit,
Lake Eppalock,3551,-36.8732,144.568,out_of_area,,out_of_area,false,false,outline:no_hit,
Lake Fyans,3381,-37.1489308,142.6423203,out_of_area,,out_of_area,false,false,outline:no_hit,
Lake Gardens,3355,-37.546,143.82,out_of_area,,out_of_area,false,false,outline:no_hit,
Lake Goldsmith,3373,-37.5449406,143.3765037,out_of_area,,out_of_area,false,false,outline:no_hit,
Lake Hindmarsh,3423,-36.0548,141.916,out_of_area,,out_of_area,false,false,outline:no_hit,
Lake Lonsdale,3381,-37.0406989,142.6296304,out_of_area,,out_of_area,false,false,outline:no_hit,
Lake Marmal,3525,-36.0761482,143.5395558,out_of_area,,out_of_area,false,false,outline:no_hit,
Lake Meran,3579,-35.871045,143.8111838,out_of_area,,out_of_area,false,false,outline:no_hit,
Lake Mokoan,3673,-36.4641,146.021,out_of_area,,out_of_area,false,false,outline:no_hit,
Lake Moodemere,3685,-36.0555906,146.3894175,out_of_area,,out_of_area,false,false,outline:no_hit,
Lake Mundi,3312,-37.5184421,141.191549,out_of_area,,out_of_area,false,false,outline:no_hit,
Lake Powell,3597,-34.7149836,142.9040698,out_of_area,,out_of_area,false,false,outline:no_hit,
Lake Rowan,3727,-36.269722,145.966944,out_of_area,,out_of_area,false,false,outline:no_hit,
Lake Tyers,3887,-37.8396304,148.1238154,out_of_area,,out_of_area,false,false,outline:no_hit,
Lake Tyers Beach,3909,-37.8606804,148.0669106,out_of_area,,out_of_area,false,false,outline:no_hit,
Lake Tyrrell,3533,-35.3479943,142.8321695,out_of_area,,out_of_area,false,false,outline:no_hit,
Lake Wellington,3851,-38.0904946,147.317466,out_of_area,,out_of_area,false,false,outline:no_hit,
Lake Wendouree,3350,-37.549,143.847,out_of_area,,out_of_area,false,false,outline:no_hit,
Lake Wongan,3373,-37.57943,143.1504998,out_of_area,,out_of_area,false,false,outline:no_hit,
Lakes Entrance,3909,-37.8511185,147.995821,out_of_area,,out_of_area,false,false,outline:no_hit,
Lal Lal,3352,-37.6801093,144.0099222,out_of_area,,out_of_area,false,false,outline:no_hit,
Lalbert,3542,-35.6732662,143.3740654,out_of_area,,out_of_area,false,false,outline:no_hit,
Lalor,3075,-37.6650543,145.0107588,pre_arranged,Thomastown,pre_arranged,false,false,outline:Thomastown,
Lalor Plaza,3075,-37.67405,145.0364765,pre_arranged,Thomastown,pre_arranged,false,false,outline:Thomastown,
Lamplough,3352,-37.133333,143.5,out_of_area,,out_of_area,false,false,outline:no_hit,
Lancaster,3620,-36.3,145.116667,out_of_area,,out_of_area,false,false,outline:no_hit,
Lance Creek,3995,-38.5514088,145.6540438,out_of_area,,out_of_area,false,false,outline:no_hit,
Lancefield,3435,-37.2769748,144.728396,out_of_area,,out_of_area,false,false,outline:no_hit,
Landsborough,3384,-37.0084966,143.1336987,out_of_area,,out_of_area,false,false,outline:no_hit,
Landsborough West,3384,-37.0165724,143.0569768,out_of_area,,out_of_area,false,false,outline:no_hit,
Lang Lang,3984,-38.266667,145.566667,out_of_area,,out_of_area,false,false,outline:no_hit,
Lang Lang East,3984,-38.2728983,145.6523091,out_of_area,,out_of_area,false,false,outline:no_hit,
Langdons Hill,3363,-37.4142092,144.0687916,out_of_area,,out_of_area,false,false,outline:no_hit,
Langi Kal Kal,3352,-37.3355165,143.512844,out_of_area,,out_of_area,false,false,outline:no_hit,
Langi Logan,3377,-37.3716628,142.9334701,out_of_area,,out_of_area,false,false,outline:no_hit,
Langkoop,3318,-37.0906202,141.055046,out_of_area,,out_of_area,false,false,outline:no_hit,
Langley,3444,-37.1429091,144.510853,out_of_area,,out_of_area,false,false,outline:no_hit,
Langsborough,3971,-38.649903,146.6710267,out_of_area,,out_of_area,false,false,outline:no_hit,
Langwarrin,3910,-38.1608986,145.1927835,zone_4,zone_4,zone_4,true,true,named_by_tom,
Langwarrin South,3911,-38.189,145.189,zone_4,zone_4,zone_4,true,true,approved_on_map,
Lansell Plaza,3555,-36.8104086,144.2424245,out_of_area,,out_of_area,false,false,outline:no_hit,
Lara,3212,-38.0229202,144.3964232,out_of_area,,out_of_area,false,false,outline:no_hit,
Lardner,3821,-38.2156486,145.8746249,out_of_area,,out_of_area,false,false,outline:no_hit,
Larpent,3249,-38.3499891,143.5094722,out_of_area,,out_of_area,false,false,outline:no_hit,
Larralea,3325,-38.0692613,143.2201567,out_of_area,,out_of_area,false,false,outline:no_hit,
Lascelles,3487,-35.5546022,142.5959129,out_of_area,,out_of_area,false,false,outline:no_hit,
Launching Place,3139,-37.774,145.588,out_of_area,,out_of_area,false,false,outline:no_hit,
Lauriston,3444,-37.25,144.383333,out_of_area,,out_of_area,false,false,outline:no_hit,
Lavers Hill,3238,-38.6790443,143.3750878,out_of_area,,out_of_area,false,false,outline:no_hit,
Laverton,3028,-37.8592043,144.7704046,out_of_area,,out_of_area,false,true,approved_on_map,
Laverton North,3026,-37.8280477,144.7854874,out_of_area,,out_of_area,false,true,approved_on_map,
Laverton Raaf,3027,-37.8655231,144.7613154,out_of_area,,out_of_area,false,false,outline:no_hit,
Lawler,3480,-36.3857774,142.7522709,out_of_area,,out_of_area,false,false,outline:no_hit,
Lawloit,3418,-36.4638485,141.4627924,out_of_area,,out_of_area,false,false,outline:no_hit,
Lawrence,3364,-37.3194672,143.9041854,out_of_area,,out_of_area,false,false,outline:no_hit,
Leaghur,3537,-35.9833393,143.7948997,out_of_area,,out_of_area,false,false,outline:no_hit,
Learmonth,3352,-37.4221835,143.7120932,out_of_area,,out_of_area,false,false,outline:no_hit,
Ledcourt,3385,-36.9988105,142.5582083,out_of_area,,out_of_area,false,false,outline:no_hit,
Leichardt,3516,-36.6812208,144.1144787,out_of_area,,out_of_area,false,false,outline:no_hit,
Leigh Creek,3352,-37.5622875,143.9623147,out_of_area,,out_of_area,false,false,outline:no_hit,
Leitchville,3567,-35.9065246,144.3016359,out_of_area,,out_of_area,false,false,outline:no_hit,
Lemnos,3631,-36.35,145.466667,out_of_area,,out_of_area,false,false,outline:no_hit,
Leneva,3691,-36.2330793,146.8374363,out_of_area,,out_of_area,false,false,outline:no_hit,
Leonards Hill,3461,-37.4203807,144.1203075,out_of_area,,out_of_area,false,false,outline:no_hit,
Leongatha,3953,-38.4740327,145.9436663,out_of_area,,out_of_area,false,false,outline:no_hit,
Leongatha North,3953,-38.4196665,145.9692754,out_of_area,,out_of_area,false,false,outline:no_hit,
Leongatha South,3953,-38.5330704,145.906628,out_of_area,,out_of_area,false,false,outline:no_hit,
Leopold,3224,-38.1944438,144.4670924,out_of_area,,out_of_area,false,false,outline:no_hit,
Lerderderg,3458,-37.4378983,144.2813213,out_of_area,,out_of_area,false,false,outline:no_hit,
Leslie Manor,3260,-38.0685783,143.3423723,out_of_area,,out_of_area,false,false,outline:no_hit,
Lethbridge,3332,-37.9633341,144.1065864,out_of_area,,out_of_area,false,false,outline:no_hit,
Lexton,3352,-37.2792586,143.5156517,out_of_area,,out_of_area,false,false,outline:no_hit,
Licola,3858,-37.5735428,146.6245602,out_of_area,,out_of_area,false,false,outline:no_hit,
Licola North,3858,-37.5148998,146.5518033,out_of_area,,out_of_area,false,false,outline:no_hit,
Lillico,3820,-38.1232002,145.963705,out_of_area,,out_of_area,false,false,outline:no_hit,
Lillicur,3371,-37.169661,143.6285036,out_of_area,,out_of_area,false,false,outline:no_hit,
Lillimur,3420,-36.4180671,141.0785379,out_of_area,,out_of_area,false,false,outline:no_hit,
Lilliput,3682,-36.1506796,146.445966,out_of_area,,out_of_area,false,false,outline:no_hit,
Lilydale,3140,-37.7643547,145.3475331,zone_3,zone_3,zone_3,true,true,named_by_tom,
Lima,3673,-36.7500283,145.9504767,out_of_area,,out_of_area,false,false,outline:no_hit,
Lima East,3673,-36.7795957,145.9644013,out_of_area,,out_of_area,false,false,outline:no_hit,
Lima South,3673,-36.8209276,146.0041043,out_of_area,,out_of_area,false,false,outline:no_hit,
Limestone,3717,-37.2404661,145.4945938,out_of_area,,out_of_area,false,false,outline:no_hit,
Limonite,3871,-38.4187,146.237,out_of_area,,out_of_area,false,false,outline:no_hit,
Lindenow,3865,-37.7994292,147.468383,out_of_area,,out_of_area,false,false,outline:no_hit,
Lindenow South,3875,-37.8261072,147.4388572,out_of_area,,out_of_area,false,false,outline:no_hit,
Lindsay,3312,-37.6660935,141.337186,out_of_area,,out_of_area,false,false,outline:no_hit,
Lindsay Point,3496,-34.1,141.017,out_of_area,,out_of_area,false,false,outline:no_hit,
Linga,3509,-35.1696885,141.6967912,out_of_area,,out_of_area,false,false,outline:no_hit,
Linton,3360,-37.683333,143.566667,out_of_area,,out_of_area,false,false,outline:no_hit,
Liparoo,3549,-34.7834895,142.5563713,out_of_area,,out_of_area,false,false,outline:no_hit,
Lismore,3324,-37.9552943,143.3494538,out_of_area,,out_of_area,false,false,outline:no_hit,
Litchfield,3480,-36.2951068,142.8156034,out_of_area,,out_of_area,false,false,outline:no_hit,
Little Desert,3418,-36.5025841,141.7612263,out_of_area,,out_of_area,false,false,outline:no_hit,
Little Hampton,3458,-37.3673463,144.2920769,out_of_area,,out_of_area,false,false,outline:no_hit,
Little River,3211,-37.9368044,144.4561033,out_of_area,,out_of_area,false,false,outline:no_hit,
Llanelly,3551,-36.7268475,143.8166126,out_of_area,,out_of_area,false,false,outline:no_hit,
Llowalong,3862,-37.9113511,147.0361627,out_of_area,,out_of_area,false,false,outline:no_hit,
Loch,3945,-38.3738374,145.6877037,out_of_area,,out_of_area,false,false,outline:no_hit,
Loch Sport,3851,-38.0739783,147.5419531,out_of_area,,out_of_area,false,false,outline:no_hit,
Loch Valley,3833,-37.8402239,145.9977047,out_of_area,,out_of_area,false,false,outline:no_hit,
Lochend,3888,-37.7404294,148.5052663,out_of_area,,out_of_area,false,false,outline:no_hit,
Lockington,3563,-36.2606223,144.4999001,out_of_area,,out_of_area,false,false,outline:no_hit,
Locksley,3665,-36.8520512,145.3399273,out_of_area,,out_of_area,false,false,outline:no_hit,
Lockwood,3551,-36.8154802,144.1610974,out_of_area,,out_of_area,false,false,outline:no_hit,
Lockwood South,3551,-36.8547498,144.1624607,out_of_area,,out_of_area,false,false,outline:no_hit,
Loddon Vale,3575,-35.9810436,143.9882376,out_of_area,,out_of_area,false,false,outline:no_hit,
Logan,3475,-36.6173657,143.4736579,out_of_area,,out_of_area,false,false,outline:no_hit,
Londrigan,3678,-36.3379002,146.4371315,out_of_area,,out_of_area,false,false,outline:no_hit,
Lone Pine,3691,-36.2374,146.966,out_of_area,,out_of_area,false,false,outline:no_hit,
Long Forest,3340,-37.65126,144.5053764,out_of_area,,out_of_area,false,false,outline:no_hit,
Long Gully,3550,-36.7425683,144.256582,out_of_area,,out_of_area,false,false,outline:no_hit,
Longerenong,3399,-36.6813,142.351,out_of_area,,out_of_area,false,false,outline:no_hit,
Longerenong,3401,-36.681282,142.3510265,out_of_area,,out_of_area,false,false,outline:no_hit,
Longford,3851,-38.164167,147.086944,out_of_area,,out_of_area,false,false,outline:no_hit,
Longlea,3551,-36.7551182,144.4232713,out_of_area,,out_of_area,false,false,outline:no_hit,
Longwarry,3816,-38.1110794,145.7663288,out_of_area,,out_of_area,false,false,outline:no_hit,
Longwarry North,3816,-38.0759968,145.763398,out_of_area,,out_of_area,false,false,outline:no_hit,
Longwood,3665,-36.8488197,145.4080574,out_of_area,,out_of_area,false,false,outline:no_hit,
Longwood East,3666,-36.8524,145.451,out_of_area,,out_of_area,false,false,outline:no_hit,
Lorne,3232,-38.528668,143.9324048,out_of_area,,out_of_area,false,false,outline:no_hit,
Lorquon,3418,-36.1522698,141.7587967,out_of_area,,out_of_area,false,false,outline:no_hit,
Lovely Banks,3213,-38.0667,144.333,out_of_area,,out_of_area,false,false,outline:no_hit,
Lovely Banks,3221,-38.1636337,144.1501922,out_of_area,,out_of_area,false,false,outline:no_hit,
Lower Moira,3639,-36.0632474,145.0250582,out_of_area,,out_of_area,false,false,outline:no_hit,
Lower Norton,3401,-36.8042581,142.0355956,out_of_area,,out_of_area,false,false,outline:no_hit,
Lower Plenty,3093,-37.7393287,145.112755,zone_2,zone_2,pre_arranged,false,true,approved_on_map,"outline said zone_2, CSV says pre_arranged"
Loy Yang,3844,-38.255137,146.6126403,out_of_area,,out_of_area,false,false,outline:no_hit,
Lubeck,3381,-36.78179,142.51819,out_of_area,,out_of_area,false,false,outline:no_hit,
Lubeck,3385,-36.7818,142.518,out_of_area,,out_of_area,false,false,outline:no_hit,
Lucas,3350,-37.553,143.771,out_of_area,,out_of_area,false,false,outline:no_hit,
Lucknow,3875,-37.8115088,147.6779106,out_of_area,,out_of_area,false,false,outline:no_hit,
Lucyvale,3691,-36.2836195,147.6208862,out_of_area,,out_of_area,false,false,outline:no_hit,
Lurg,3673,-36.5828157,146.1623601,out_of_area,,out_of_area,false,false,outline:no_hit,
Lyal,3444,-36.9427818,144.4714979,out_of_area,,out_of_area,false,false,outline:no_hit,
Lygon Street North,3057,-37.7714,144.972,zone_2,zone_2,zone_2,false,false,outline:zone_2,
Lynbrook,3975,-38.05,145.252,zone_4,zone_4,zone_4,false,true,named_by_tom,
Lyndale,3559,-36.543,144.829,out_of_area,,out_of_area,false,false,outline:no_hit,
Lyndhurst,3975,-38.0704681,145.2424941,zone_4,zone_4,zone_4,false,true,approved_on_map,
Lyons,3304,-38.0076276,141.4592277,out_of_area,,out_of_area,false,false,outline:no_hit,
Lyonville,3461,-37.3918627,144.2628847,out_of_area,,out_of_area,false,false,outline:no_hit,
Lysterfield,3156,-37.93,145.301,zone_3,zone_3,zone_3,false,true,approved_on_map,
Lysterfield South,3156,-37.949,145.26,zone_3,zone_3,zone_3,false,false,outline:zone_3,
Macarthur,3286,-38.027044,142.0046427,out_of_area,,out_of_area,false,false,outline:no_hit,
Macclesfield,3782,-37.883,145.477,out_of_area,,out_of_area,false,false,outline:no_hit,
Macedon,3440,-37.4205517,144.5546793,out_of_area,,out_of_area,false,false,outline:no_hit,
Macks Creek,3971,-38.4790153,146.6426181,out_of_area,,out_of_area,false,false,outline:no_hit,
Macleod,3085,-37.714,145.066,out_of_area,,zone_2,false,true,approved_on_map,"outline said out_of_area, CSV says zone_2"
Macleod West,3085,-37.7258716,145.0709158,zone_2,zone_2,zone_2,false,false,outline:zone_2,
Macorna,3579,-35.9417669,143.9410112,out_of_area,,out_of_area,false,false,outline:no_hit,
Macorna North,3568,-35.8582737,144.1069684,out_of_area,,out_of_area,false,false,outline:no_hit,
Macs Cove,3723,-37.20912,146.1421265,out_of_area,,out_of_area,false,false,outline:no_hit,
Madalya,3971,-38.5083216,146.4989502,out_of_area,,out_of_area,false,false,outline:no_hit,
Maddingley,3340,-37.6837782,144.4089115,out_of_area,,out_of_area,false,false,outline:no_hit,
Mafeking,3379,-37.4054803,142.6429883,out_of_area,,out_of_area,false,false,outline:no_hit,
Maffra,3860,-37.9619053,146.9886238,out_of_area,,out_of_area,false,false,outline:no_hit,
Maffra West Upper,3859,-37.8729822,146.817681,out_of_area,,out_of_area,false,false,outline:no_hit,
Magpie,3352,-37.6275666,143.8508908,out_of_area,,out_of_area,false,false,outline:no_hit,
Maiden Gully,3551,-36.743,144.209,out_of_area,,out_of_area,false,false,outline:no_hit,
Maidstone,3012,-37.783,144.878,zone_5,zone_5,zone_5,false,true,approved_on_map,
Mailer Flat,3275,-38.2902,142.463,out_of_area,,out_of_area,false,false,outline:no_hit,
Mailors Flat,3275,-38.2901504,142.4625357,out_of_area,,out_of_area,false,false,outline:no_hit,
Main Lead,3373,-37.383719,143.3744131,out_of_area,,out_of_area,false,false,outline:no_hit,
Main Ridge,3928,-38.4018779,144.9721978,out_of_area,,out_of_area,false,false,outline:no_hit,
Maindample,3723,-37.024348,145.9588312,out_of_area,,out_of_area,false,false,outline:no_hit,
Maintongoon,3714,-37.1383,145.759,out_of_area,,out_of_area,false,false,outline:no_hit,
Major Plains,3725,-36.3530478,145.7797428,out_of_area,,out_of_area,false,false,outline:no_hit,
Majorca,3465,-37.1283598,143.79049,out_of_area,,out_of_area,false,false,outline:no_hit,
Maldon,3463,-36.9980464,144.0685988,out_of_area,,out_of_area,false,false,outline:no_hit,
Mallacoota,3892,-37.5130708,149.7718067,out_of_area,,out_of_area,false,false,outline:no_hit,
Malmsbury,3446,-37.188889,144.385,out_of_area,,out_of_area,false,false,outline:no_hit,
Malvern,3144,-37.8572432,145.0341642,zone_1,zone_1,zone_1,false,true,approved_on_map,
Malvern East,3145,-37.8773116,145.059272,zone_1,zone_1,zone_1,false,false,outline:zone_1,
Malvern North,3144,-37.8517621,145.0301857,zone_1,zone_1,zone_1,false,false,outline:zone_1,
Mambourin,3024,-37.892471,144.5964645,out_of_area,,out_of_area,false,false,outline:no_hit,
Manangatang,3546,-35.044592,142.8825176,out_of_area,,out_of_area,false,false,outline:no_hit,
Mandurang,3551,-36.818843,144.3129238,out_of_area,,out_of_area,false,false,outline:no_hit,
Mandurang South,3551,-36.856513,144.2748086,out_of_area,,out_of_area,false,false,outline:no_hit,
Mangalore,3663,-36.9383316,145.1596592,out_of_area,,out_of_area,false,false,outline:no_hit,
Manifold Heights,3218,-38.14,144.33,out_of_area,,out_of_area,false,false,outline:no_hit,
Mannerim,3222,-38.216667,144.583333,out_of_area,,out_of_area,false,false,outline:no_hit,
Mannibadar,3360,-37.767102,143.5551093,out_of_area,,out_of_area,false,false,outline:no_hit,
Manns Beach,3971,-38.6450517,146.7755155,out_of_area,,out_of_area,false,false,outline:no_hit,
Manor Lakes,3024,-37.8734,144.582,out_of_area,,out_of_area,false,false,outline:no_hit,
Manorina,3889,-37.6725526,148.7936448,out_of_area,,out_of_area,false,false,outline:no_hit,
Mansfield,3722,-37.0625288,146.0821493,out_of_area,,out_of_area,false,false,outline:no_hit,
Maramingo Creek,3891,-37.4323557,149.6308682,out_of_area,,out_of_area,false,false,outline:no_hit,
Marcus Hill,3222,-38.233333,144.566667,out_of_area,,out_of_area,false,false,outline:no_hit,
Mardan,3953,-38.4779623,146.0953967,out_of_area,,out_of_area,false,false,outline:no_hit,
Marengo,3233,-38.776141,143.6583166,out_of_area,,out_of_area,false,false,outline:no_hit,
Maribyrnong,3032,-37.7695602,144.8820803,zone_5,zone_5,zone_5,false,true,named_by_tom,
Marionvale,3634,-36.2582022,145.5525484,out_of_area,,out_of_area,false,false,outline:no_hit,
Markwood,3678,-36.4695354,146.5056032,out_of_area,,out_of_area,false,false,outline:no_hit,
Marlbed,3483,-35.8151223,142.8576993,out_of_area,,out_of_area,false,false,outline:no_hit,
Marlo,3888,-37.796,148.531,out_of_area,,out_of_area,false,false,outline:no_hit,
Marnoo,3387,-36.6707129,142.8717953,out_of_area,,out_of_area,false,false,outline:no_hit,
Marnoo East,3477,-36.6635,142.959,out_of_area,,out_of_area,false,false,outline:no_hit,
Marnoo West,3387,-36.712,142.804,out_of_area,,out_of_area,false,false,outline:no_hit,
Marong,3515,-36.733333,144.133333,out_of_area,,out_of_area,false,false,outline:no_hit,
Maroona,3377,-37.4576097,142.8557149,out_of_area,,out_of_area,false,false,outline:no_hit,
Marraweeney,3669,-36.7602995,145.7474205,out_of_area,,out_of_area,false,false,outline:no_hit,
Marshall,3216,-38.2025,144.36,out_of_area,,out_of_area,false,false,outline:no_hit,
Marthavale,3875,-37.4443,147.508,out_of_area,,out_of_area,false,false,outline:no_hit,
Martins Creek,3888,-32.55,151.616667,out_of_area,,out_of_area,false,false,outline:no_hit,
Marungi,3634,-36.193889,145.531389,out_of_area,,out_of_area,false,false,outline:no_hit,
Maryborough,3465,-37.0473301,143.7446068,out_of_area,,out_of_area,false,false,outline:no_hit,
Maryknoll,3812,-38.032,145.602,out_of_area,,out_of_area,false,false,outline:no_hit,
Marysville,3779,-37.5083939,145.7474205,out_of_area,,out_of_area,false,false,outline:no_hit,
Maryvale,3840,-38.1988052,146.3932648,out_of_area,,out_of_area,false,false,outline:no_hit,
Massey,3482,-36.2332465,142.8954072,out_of_area,,out_of_area,false,false,outline:no_hit,
Matlock,3723,-37.5890036,146.168466,out_of_area,,out_of_area,false,false,outline:no_hit,
Maude,3331,-37.9242637,144.1685956,out_of_area,,out_of_area,false,false,outline:no_hit,
Mayreef,3559,-36.5211,144.488,out_of_area,,out_of_area,false,false,outline:no_hit,
McCrae,3938,-38.3562816,144.9336544,pre_arranged,Mount Martha to Portsea,pre_arranged,false,false,outline:Mount Martha to Portsea,
McEvoys,3564,-36.1149809,144.6314321,out_of_area,,out_of_area,false,false,outline:no_hit,
McIntyre,3472,-36.6871859,143.6620414,out_of_area,,out_of_area,false,false,outline:no_hit,
McKenzie Creek,3401,-36.7816741,142.1638346,out_of_area,,out_of_area,false,false,outline:no_hit,
McKenzie Hill,3451,-37.0686692,144.1801852,out_of_area,,out_of_area,false,false,outline:no_hit,
McKinnon,3204,-37.91,145.039,zone_1,zone_1,zone_1,false,false,outline:zone_1,
McLoughlins Beach,3874,-38.608611,146.903889,out_of_area,,out_of_area,false,false,outline:no_hit,
McMahons Creek,3799,-37.6980957,145.8360275,out_of_area,,out_of_area,false,false,outline:no_hit,
McMillans,3568,-35.8544278,144.1754128,out_of_area,,out_of_area,false,false,outline:no_hit,
Mead,3568,-35.8125556,144.1202411,out_of_area,,out_of_area,false,false,outline:no_hit,
Meadow Creek,3678,-36.6136561,146.4656921,out_of_area,,out_of_area,false,false,outline:no_hit,
Meadow Heights,3048,-37.65,144.922,out_of_area,,out_of_area,false,false,outline:no_hit,
Meatian,3585,-35.5735971,143.3402073,out_of_area,,out_of_area,false,false,outline:no_hit,
Medlyn,3478,-36.6020932,143.2631762,out_of_area,,out_of_area,false,false,outline:no_hit,
Meeniyan,3956,-38.5835106,146.013851,out_of_area,,out_of_area,false,false,outline:no_hit,
Meereek,3318,-37.08,141.08,out_of_area,,out_of_area,false,false,outline:no_hit,
Meering West,3579,-35.9062046,143.7276218,out_of_area,,out_of_area,false,false,outline:no_hit,
Meerlieu,3862,-38.0071158,147.3856872,out_of_area,,out_of_area,false,false,outline:no_hit,
Melbourne,3000,-37.8152065,144.963937,zone_1,zone_1,zone_1,false,true,named_by_tom,
Melbourne,3004,-37.8301583,144.9804594,zone_1,zone_1,zone_1,false,true,named_by_tom,
Melbourne Airport,3045,-37.6679317,144.8401227,out_of_area,,out_of_area,false,false,outline:no_hit,
Melbourne University,3052,-37.7983459,144.960974,zone_2,zone_2,zone_2,false,false,outline:zone_2,
Melton,3337,-37.677,144.612,out_of_area,,out_of_area,false,true,approved_on_map,
Melton South,3338,-37.703056,144.571944,out_of_area,,out_of_area,false,false,outline:no_hit,
Melton West,3337,-37.68298,144.5500157,out_of_area,,out_of_area,false,false,outline:no_hit,
Melville Forest,3315,-37.5122161,141.8203693,out_of_area,,out_of_area,false,false,outline:no_hit,
Melwood,3875,-37.7417323,147.5051616,out_of_area,,out_of_area,false,false,outline:no_hit,
Mena Park,3373,-37.5237978,143.4951529,out_of_area,,out_of_area,false,false,outline:no_hit,
Mentone,3194,-37.9812276,145.0647654,zone_1,zone_1,zone_1,false,true,named_by_tom,
Mentone East,3194,-37.9812276,145.0647654,zone_1,zone_1,zone_1,false,false,outline:zone_1,
Menzies Creek,3159,-37.931,145.398,out_of_area,,out_of_area,false,false,outline:no_hit,
Mepunga,3277,-38.4865907,142.676394,out_of_area,,out_of_area,false,false,outline:no_hit,
Mepunga East,3277,-38.4436937,142.7185075,out_of_area,,out_of_area,false,false,outline:no_hit,
Mepunga West,3277,-38.4165115,142.6483321,out_of_area,,out_of_area,false,false,outline:no_hit,
Merbein,3505,-34.1613339,142.0475029,out_of_area,,out_of_area,false,false,outline:no_hit,
Merbein South,3505,-34.2188002,142.0301484,out_of_area,,out_of_area,false,false,outline:no_hit,
Merbein West,3505,-34.165556,142.008333,out_of_area,,out_of_area,false,false,outline:no_hit,
Meredith,3333,-37.8459801,144.0766524,out_of_area,,out_of_area,false,false,outline:no_hit,
Meringur,3496,-34.3883964,141.3354325,out_of_area,,out_of_area,false,false,outline:no_hit,
Merino,3310,-37.7117283,141.5318089,out_of_area,,out_of_area,false,false,outline:no_hit,
Merlynston,3058,-37.7209299,144.9613501,zone_2,zone_2,zone_2,false,false,outline:zone_2,
Mernda,3754,-37.5892795,145.103791,out_of_area,,out_of_area,false,false,outline:no_hit,
Merriang,3737,-36.571194,146.690672,out_of_area,,out_of_area,false,false,outline:no_hit,
Merriang South,3737,-36.6077258,146.6683632,out_of_area,,out_of_area,false,false,outline:no_hit,
Merricks,3916,-38.39,145.089,out_of_area,,out_of_area,false,false,outline:no_hit,
Merricks Beach,3926,-38.398,145.106,out_of_area,,out_of_area,false,false,outline:no_hit,
Merricks North,3926,-38.354,145.075,out_of_area,,out_of_area,false,false,outline:no_hit,
Merrigum,3618,-36.3624013,145.1706992,out_of_area,,out_of_area,false,false,outline:no_hit,
Merrijig,3723,-37.0831709,146.2745848,out_of_area,,out_of_area,false,false,outline:no_hit,
Merrijig,3875,-37.7074693,147.5375304,out_of_area,,out_of_area,false,false,outline:no_hit,
Merrimu,3340,-37.6585786,144.4725244,out_of_area,,out_of_area,false,false,outline:no_hit,
Merrinee,3496,-34.3837902,141.6997043,out_of_area,,out_of_area,false,false,outline:no_hit,
Merton,3715,-36.983333,145.716667,out_of_area,,out_of_area,false,false,outline:no_hit,
Metcalfe,3448,-37.1286977,144.4148693,out_of_area,,out_of_area,false,false,outline:no_hit,
Metcalfe East,3444,-37.1525633,144.4509725,out_of_area,,out_of_area,false,false,outline:no_hit,
Metung,3904,-37.8600459,147.8367484,out_of_area,,out_of_area,false,false,outline:no_hit,
Mewburn Park,3859,-37.9529871,146.9390043,out_of_area,,out_of_area,false,false,outline:no_hit,
Mia Mia,3444,-37.0026231,144.5663247,out_of_area,,out_of_area,false,false,outline:no_hit,
Mickleham,3064,-37.562,144.874,out_of_area,,out_of_area,false,false,outline:no_hit,
Mid Valley,3840,-38.2364581,146.4289502,out_of_area,,out_of_area,false,false,outline:no_hit,
Middle Camberwell,3124,-37.8440237,145.056869,zone_1,zone_1,zone_1,false,false,outline:zone_1,
Middle Creek,3375,-37.3971343,143.2352199,out_of_area,,out_of_area,false,false,outline:no_hit,
Middle Park,3206,-37.851944,144.963056,zone_1,zone_1,zone_1,false,false,outline:zone_1,
Middle Tarwin,3956,-38.6773,145.923,out_of_area,,out_of_area,false,false,outline:no_hit,
Miepoll,3666,-36.673863,145.4838586,out_of_area,,out_of_area,false,false,outline:no_hit,
Miga Lake,3401,-36.88,141.647,out_of_area,,out_of_area,false,false,outline:no_hit,
Miga Lake,3409,-36.8800354,141.6469519,out_of_area,,out_of_area,false,false,outline:no_hit,
Milawa,3678,-36.433333,146.433333,out_of_area,,out_of_area,false,false,outline:no_hit,
Mildura,3500,-34.2151229,142.1169401,out_of_area,,out_of_area,false,false,outline:no_hit,
Mildura Centre Plaza,3501,-34.2085418,142.1401443,out_of_area,,out_of_area,false,false,outline:no_hit,
Mildura East,3500,-34.2151229,142.1169401,out_of_area,,out_of_area,false,false,outline:no_hit,
Mildura South,3501,-34.2134642,142.1273099,out_of_area,,out_of_area,false,false,outline:no_hit,
Mildura West,3500,-34.1794783,142.1513862,out_of_area,,out_of_area,false,false,outline:no_hit,
Mill Park,3082,-37.6649616,145.0658766,out_of_area,,out_of_area,false,false,outline:no_hit,
Millbrook,3352,-37.6239055,144.0685852,out_of_area,,out_of_area,false,false,outline:no_hit,
Millgrove,3799,-37.7448481,145.6507039,out_of_area,,out_of_area,false,false,outline:no_hit,
Milloo,3572,-36.3389754,144.3870348,out_of_area,,out_of_area,false,false,outline:no_hit,
Milltown,3304,-38.0572028,141.6915548,out_of_area,,out_of_area,false,false,outline:no_hit,
Milnes Bridge,3579,-35.808852,144.0932497,out_of_area,,out_of_area,false,false,outline:no_hit,
Mincha,3575,-36.0015099,144.0286331,out_of_area,,out_of_area,false,false,outline:no_hit,
Mincha West,3568,-35.8911006,144.1409921,out_of_area,,out_of_area,false,false,outline:no_hit,
Miners Rest,3352,-37.4717252,143.7911684,out_of_area,,out_of_area,false,false,outline:no_hit,
Mingay,3324,-37.8355304,143.3254271,out_of_area,,out_of_area,false,false,outline:no_hit,
Minhamite,3287,-38.0073258,142.3167774,out_of_area,,out_of_area,false,false,outline:no_hit,
Minimay,3413,-36.7496038,141.2114934,out_of_area,,out_of_area,false,false,outline:no_hit,
Mininera,3351,-37.5954916,142.9324641,out_of_area,,out_of_area,false,false,outline:no_hit,
Minjah,3276,-38.068626,142.4523603,out_of_area,,out_of_area,false,false,outline:no_hit,
Minjah,3280,-38.0686,142.452,out_of_area,,out_of_area,false,false,outline:no_hit,
Minmindie,3537,-36.0297692,143.7462434,out_of_area,,out_of_area,false,false,outline:no_hit,
Minto,3551,-34.02646,150.8507,out_of_area,,out_of_area,false,false,outline:no_hit,
Minyip,3392,-36.4577308,142.5942441,out_of_area,,out_of_area,false,false,outline:no_hit,
Miowera,3862,-37.48,147.153,out_of_area,,out_of_area,false,false,outline:no_hit,
Miralie,3596,-35.1279032,143.3230237,out_of_area,,out_of_area,false,false,outline:no_hit,
Miram,3415,-36.3811882,141.3784817,out_of_area,,out_of_area,false,false,outline:no_hit,
Mirboo,3871,-38.3950602,146.1498411,out_of_area,,out_of_area,false,false,outline:no_hit,
Mirboo East,3870,-38.3950602,146.1498411,out_of_area,,out_of_area,false,false,outline:no_hit,
Mirboo North,3871,-38.3950602,146.1498411,out_of_area,,out_of_area,false,false,outline:no_hit,
Mirboo South,3956,-38.3950602,146.1498411,out_of_area,,out_of_area,false,false,outline:no_hit,
Mirimbah,3722,-37.1103367,146.396505,out_of_area,,out_of_area,false,false,outline:no_hit,
Mirranatwa,3294,-37.4001583,142.4075911,out_of_area,,out_of_area,false,false,outline:no_hit,
Mitcham,3132,-37.8219905,145.1983055,zone_1,zone_1,zone_1,false,true,approved_on_map,
Mitcham North,3132,-37.8043443,145.1892556,zone_1,zone_1,zone_1,false,false,outline:zone_1,
Mitchell Park,3352,-37.5089391,143.7747951,out_of_area,,out_of_area,false,false,outline:no_hit,
Mitchell Park,3355,-37.5089391,143.7747951,out_of_area,,out_of_area,false,false,outline:no_hit,
Mitchells Hill,3478,-36.61,143,out_of_area,,out_of_area,false,false,outline:no_hit,
Mitchellstown,3608,-36.8116106,145.0693227,out_of_area,,out_of_area,false,false,outline:no_hit,
Mitiamo,3573,-36.215708,144.2379564,out_of_area,,out_of_area,false,false,outline:no_hit,
Mitre,3401,-36.6599,141.694,out_of_area,,out_of_area,false,false,outline:no_hit,
Mitre,3409,-36.7335815,141.7173604,out_of_area,,out_of_area,false,false,outline:no_hit,
Mitta Mitta,3701,-36.4923219,147.3583041,out_of_area,,out_of_area,false,false,outline:no_hit,
Mittyack,3490,-35.1565,142.658,out_of_area,,out_of_area,false,false,outline:no_hit,
Mittyack,3533,-35.1564547,142.6579563,out_of_area,,out_of_area,false,false,outline:no_hit,
Mockinya,3401,-36.9424388,142.1517138,out_of_area,,out_of_area,false,false,outline:no_hit,
Modella,3816,-38.183333,145.716667,out_of_area,,out_of_area,false,false,outline:no_hit,
Modewarre,3240,-38.266111,144.121944,out_of_area,,out_of_area,false,false,outline:no_hit,
Moe,3825,-38.172222,146.267778,out_of_area,,out_of_area,false,false,outline:no_hit,
Moe South,3825,-38.214256,146.2426404,out_of_area,,out_of_area,false,false,outline:no_hit,
Moggs Creek,3231,-38.456111,144.066944,out_of_area,,out_of_area,false,false,outline:no_hit,
Moglonemby,3666,-36.6901911,145.5597255,out_of_area,,out_of_area,false,false,outline:no_hit,
Mokepilly,3380,-37.0975476,142.6229598,out_of_area,,out_of_area,false,false,outline:no_hit,
Mokepilly,3381,-37.0975,142.623,out_of_area,,out_of_area,false,false,outline:no_hit,
Molesworth,3718,-37.1696241,145.5136433,out_of_area,,out_of_area,false,false,outline:no_hit,
Moliagul,3472,-36.7176149,143.671849,out_of_area,,out_of_area,false,false,outline:no_hit,
Molka,3666,-36.6968268,145.3651672,out_of_area,,out_of_area,false,false,outline:no_hit,
Mollongghip,3352,-37.4697126,144.0507661,out_of_area,,out_of_area,false,false,outline:no_hit,
Mologa,3575,-36.1513389,144.1812078,out_of_area,,out_of_area,false,false,outline:no_hit,
Molyullah,3673,-36.7084797,146.1735254,out_of_area,,out_of_area,false,false,outline:no_hit,
Monash University,3800,-37.9105599,145.1362485,zone_1,zone_1,zone_1,false,false,outline:zone_1,
Monbulk,3793,-37.8689357,145.4360858,out_of_area,,out_of_area,false,true,approved_on_map,
Mongans Bridge,3691,-36.5896586,147.1003269,out_of_area,,out_of_area,false,false,outline:no_hit,
Monomak,3860,-37.7239,146.793,out_of_area,,out_of_area,false,false,outline:no_hit,
Monomeith,3984,-38.2155589,145.5378941,out_of_area,,out_of_area,false,false,outline:no_hit,
Mont Albert,3127,-37.816111,145.11,zone_1,zone_1,zone_1,false,false,outline:zone_1,
Mont Albert North,3129,-37.808056,145.113889,zone_1,zone_1,zone_1,false,false,outline:zone_1,
Montgomery,3851,-38.051866,147.0713502,out_of_area,,out_of_area,false,false,outline:no_hit,
Montmorency,3094,-37.7196403,145.1237889,pre_arranged,Eltham to Wonga Park,pre_arranged,false,true,approved_on_map,
Montrose,3765,-37.8083883,145.353065,zone_3,zone_3,zone_3,true,true,approved_on_map,
Moolap,3221,-38.183333,144.433333,out_of_area,,out_of_area,false,false,outline:no_hit,
Moolap,3224,-38.1833,144.433,out_of_area,,out_of_area,false,false,outline:no_hit,
Moolerr,3477,-36.6361,143.163,out_of_area,,out_of_area,false,false,outline:no_hit,
Moolerr,3478,-36.6360613,143.1625254,out_of_area,,out_of_area,false,false,outline:no_hit,
Moolort,3465,-37.0509897,143.9262883,out_of_area,,out_of_area,false,false,outline:no_hit,
Moonambel,3478,-36.9879818,143.319609,out_of_area,,out_of_area,false,false,outline:no_hit,
Moondarra,3825,-38.0240777,146.370883,out_of_area,,out_of_area,false,false,outline:no_hit,
Moonee Ponds,3039,-37.7675363,144.9198932,zone_2,zone_2,zone_2,false,true,named_by_tom,
Moonee Vale,3055,-37.761,144.9419122,zone_2,zone_2,zone_2,false,false,outline:zone_2,
Moonlight Flat,3450,-37.0632272,144.2456637,out_of_area,,out_of_area,false,false,outline:no_hit,
Moonlight Flat,3465,-37.050679,143.6819188,out_of_area,,out_of_area,false,false,outline:no_hit,
Moora,3612,-36.589908,144.9429445,out_of_area,,out_of_area,false,false,outline:no_hit,
Moorabbin,3189,-37.9403568,145.0576067,zone_1,zone_1,zone_1,false,false,outline:zone_1,
Moorabbin Airport,3194,-37.9786237,145.1017225,zone_1,zone_1,zone_1,false,false,outline:zone_1,
Moorabbin East,3189,-37.9404,145.058,zone_1,zone_1,zone_1,false,false,outline:zone_1,
Moorabool,3213,-38.0697,144.295,out_of_area,,out_of_area,false,false,outline:no_hit,
Moorabool,3221,-38.0697484,144.2954452,out_of_area,,out_of_area,false,false,outline:no_hit,
Mooralla,3314,-37.3781755,142.1637537,out_of_area,,out_of_area,false,false,outline:no_hit,
Moorilim,3610,-36.6150597,145.2915424,out_of_area,,out_of_area,false,false,outline:no_hit,
Moormbool West,3523,-36.8382977,144.8610895,out_of_area,,out_of_area,false,false,outline:no_hit,
Moornapa,3862,-37.628,147.203,out_of_area,,out_of_area,false,false,outline:no_hit,
Moorngag,3673,-36.7233487,146.0452061,out_of_area,,out_of_area,false,false,outline:no_hit,
Moorooduc,3933,-38.2501593,145.1265477,out_of_area,,out_of_area,false,false,outline:no_hit,
Mooroolbark,3138,-37.7822365,145.3309395,zone_3,zone_3,zone_3,true,true,named_by_tom,
Mooroopna,3629,-36.383333,145.35,out_of_area,,out_of_area,false,false,outline:no_hit,
Mooroopna North,3629,-36.3301679,145.302945,out_of_area,,out_of_area,false,false,outline:no_hit,
Mooroopna North West,3616,-36.3551321,145.24696,out_of_area,,out_of_area,false,false,outline:no_hit,
Moranding,3764,-37.2360979,144.9501708,out_of_area,,out_of_area,false,false,outline:no_hit,
Morang South,3752,-37.651389,145.089563,out_of_area,,out_of_area,false,false,outline:no_hit,
Mordialloc,3195,-37.9995418,145.0940302,zone_4,zone_4,zone_4,false,true,named_by_tom,
Mordialloc North,3195,-37.9944,145.092,zone_1,zone_1,zone_1,false,false,outline:zone_1,
Moreland,3058,-37.7343488,144.9666905,zone_2,zone_2,zone_2,false,false,outline:zone_2,
Moreland West,3055,-37.754229,144.945438,zone_2,zone_2,zone_2,false,false,outline:zone_2,
Morgiana,3301,-37.7294806,141.8367558,out_of_area,,out_of_area,false,false,outline:no_hit,
Moriac,3240,-38.233333,144.166667,out_of_area,,out_of_area,false,false,outline:no_hit,
Mornington,3931,-38.2277083,145.0603633,zone_4,zone_4,zone_4,true,true,named_by_tom,
Moroka,3860,-37.4899,146.939,out_of_area,,out_of_area,false,false,outline:no_hit,
Morrisons,3334,-37.7695,144.089,out_of_area,,out_of_area,false,false,outline:no_hit,
Morrl Morrl,3381,-36.8592194,142.9345285,out_of_area,,out_of_area,false,false,outline:no_hit,
Morrl Morrl,3387,-36.8592,142.935,out_of_area,,out_of_area,false,false,outline:no_hit,
Mortchup,3351,-37.6185,143.505,out_of_area,,out_of_area,false,false,outline:no_hit,
Mortlake,3272,-38.0755216,142.8100364,out_of_area,,out_of_area,false,false,outline:no_hit,
Morton Plains,3482,-36.084012,142.8668064,out_of_area,,out_of_area,false,false,outline:no_hit,
Morwell,3840,-38.2275886,146.4146185,out_of_area,,out_of_area,false,false,outline:no_hit,
Morwell East,3840,-38.2275886,146.4146185,out_of_area,,out_of_area,false,false,outline:no_hit,
Morwell Upper,3840,-38.2275886,146.4146185,out_of_area,,out_of_area,false,false,outline:no_hit,
Mosquito Creek,3551,-36.85,144.48,out_of_area,,out_of_area,false,false,outline:no_hit,
Mossiface,3885,-37.7451219,147.8197188,out_of_area,,out_of_area,false,false,outline:no_hit,
Mount Alfred,3691,-35.986,147.619,out_of_area,,out_of_area,false,false,outline:no_hit,
Mount Alfred,3709,-35.9859729,147.6192928,out_of_area,,out_of_area,false,false,outline:no_hit,
Mount Beauty,3699,-36.7358203,147.1768206,out_of_area,,out_of_area,false,false,outline:no_hit,
Mount Beckworth,3363,-37.3024721,143.6884592,out_of_area,,out_of_area,false,false,outline:no_hit,
Mount Best,3960,-38.5879921,146.2985284,out_of_area,,out_of_area,false,false,outline:no_hit,
Mount Bolton,3352,-37.3721917,143.6955732,out_of_area,,out_of_area,false,false,outline:no_hit,
Mount Bruno,3675,-36.3209075,146.1550012,out_of_area,,out_of_area,false,false,outline:no_hit,
Mount Buffalo,3740,-36.7833333,146.7833333,out_of_area,,out_of_area,false,false,outline:no_hit,
Mount Buller,3723,-37.1467949,146.4489704,out_of_area,,out_of_area,false,false,outline:no_hit,
Mount Burnett,3781,-37.9767584,145.5145727,out_of_area,,out_of_area,false,false,outline:no_hit,
Mount Bute,3324,-37.8923481,143.3720517,out_of_area,,out_of_area,false,false,outline:no_hit,
Mount Camel,3523,-36.8311507,144.7309063,out_of_area,,out_of_area,false,false,outline:no_hit,
Mount Cameron,3370,-37.20832,143.826114,out_of_area,,out_of_area,false,false,outline:no_hit,
Mount Clear,3350,-37.602,143.868,out_of_area,,out_of_area,false,false,outline:no_hit,
Mount Cole,3377,-37.2549172,143.1817858,out_of_area,,out_of_area,false,false,outline:no_hit,
Mount Cole Creek,3377,-37.2049491,143.1038499,out_of_area,,out_of_area,false,false,outline:no_hit,
Mount Cottrell,3024,-37.7968182,144.6229115,out_of_area,,out_of_area,false,false,outline:no_hit,
Mount Dandenong,3767,-37.8421584,145.3420015,zone_3,zone_3,zone_3,true,true,named_by_tom_as_dandenong_ranges,
Mount Doran,3334,-37.7205393,144.0357785,out_of_area,,out_of_area,false,false,outline:no_hit,
Mount Dryden,3381,-37.0564,142.546,out_of_area,,out_of_area,false,false,outline:no_hit,
Mount Duneed,3216,-38.1747227,144.3139277,out_of_area,,out_of_area,false,false,outline:no_hit,
Mount Duneed,3217,-38.25,144.304,out_of_area,,out_of_area,false,false,outline:no_hit,
Mount Eccles,3953,-38.3691862,145.9808134,out_of_area,,out_of_area,false,false,outline:no_hit,
Mount Eccles South,3953,-38.4146119,145.9929535,out_of_area,,out_of_area,false,false,outline:no_hit,
Mount Egerton,3352,-37.616667,144.1,out_of_area,,out_of_area,false,false,outline:no_hit,
Mount Eliza,3930,-38.1952209,145.0879338,zone_4,zone_4,zone_4,true,true,approved_on_map,
Mount Emu,3351,-37.6045017,143.4368657,out_of_area,,out_of_area,false,false,outline:no_hit,
Mount Evelyn,3796,-37.7791563,145.3917982,zone_3,zone_3,zone_3,true,true,approved_on_map,
Mount Franklin,3461,-37.2707306,144.1663956,out_of_area,,out_of_area,false,false,outline:no_hit,
Mount Glasgow,3371,-37.205975,143.7640371,out_of_area,,out_of_area,false,false,outline:no_hit,
Mount Helen,3350,-37.6297878,143.8834861,out_of_area,,out_of_area,false,false,outline:no_hit,
Mount Hooghly,3472,-36.9038149,143.663396,out_of_area,,out_of_area,false,false,outline:no_hit,
Mount Hotham,3741,-36.9753,147.133,out_of_area,,out_of_area,false,false,outline:no_hit,
Mount Lonarch,3377,-37.2709,143.378,out_of_area,,out_of_area,false,false,outline:no_hit,
Mount Lonarch,3468,-37.2709113,143.3784013,out_of_area,,out_of_area,false,false,outline:no_hit,
Mount Macedon,3441,-37.3981393,144.5985292,out_of_area,,out_of_area,false,false,outline:no_hit,
Mount Major,3646,-36.3645428,145.704712,out_of_area,,out_of_area,false,false,outline:no_hit,
Mount Martha,3934,-38.287039,145.016269,pre_arranged,Mount Martha to Portsea,pre_arranged,false,true,approved_on_map,
Mount Mercer,3352,-37.8058431,143.864131,out_of_area,,out_of_area,false,false,outline:no_hit,
Mount Mitchell,3352,-37.2805556,143.58,out_of_area,,out_of_area,false,false,outline:no_hit,
Mount Moriac,3240,-38.2201027,144.191706,out_of_area,,out_of_area,false,false,outline:no_hit,
Mount Napier,3301,-37.8933333,142.0580556,out_of_area,,out_of_area,false,false,outline:no_hit,
Mount Pleasant,3350,-37.581,143.853,out_of_area,,out_of_area,false,false,outline:no_hit,
Mount Prospect,3364,-37.3872207,144.0553596,out_of_area,,out_of_area,false,false,outline:no_hit,
Mount Richmond,3305,-38.1989932,141.3513805,out_of_area,,out_of_area,false,false,outline:no_hit,
Mount Rowan,3352,-37.5029337,143.8400287,out_of_area,,out_of_area,false,false,outline:no_hit,
Mount Sabine,3236,-38.633889,143.742778,out_of_area,,out_of_area,false,false,outline:no_hit,
Mount Scobie,3620,-36.3505556,144.9727778,out_of_area,,out_of_area,false,false,outline:no_hit,
Mount Slide,3763,-37.5550514,145.3760672,out_of_area,,out_of_area,false,false,outline:no_hit,
Mount Tassie,3844,-38.3886276,146.5618976,out_of_area,,out_of_area,false,false,outline:no_hit,
Mount Taylor,3875,-37.7322467,147.5893027,out_of_area,,out_of_area,false,false,outline:no_hit,
Mount Toolebewong,3777,-37.702,145.572,out_of_area,,out_of_area,false,false,outline:no_hit,
Mount Wallace,3342,-37.7539679,144.225878,out_of_area,,out_of_area,false,false,outline:no_hit,
Mount Waverley,3149,-37.8772869,145.1265477,zone_1,zone_1,zone_1,false,true,approved_on_map,
Mountain Bay,3723,-37.1973138,146.0987923,out_of_area,,out_of_area,false,false,outline:no_hit,
Mountain Gate,3156,-37.8901043,145.2735662,zone_3,zone_3,zone_3,false,false,outline:zone_3,
Mountain View,3988,-38.2975183,145.850207,out_of_area,,out_of_area,false,false,outline:no_hit,
Moutajup,3294,-37.6887108,142.22243,out_of_area,,out_of_area,false,false,outline:no_hit,
Moyarra,3951,-38.4800272,145.7217235,out_of_area,,out_of_area,false,false,outline:no_hit,
Moyhu,3732,-36.5783046,146.3785017,out_of_area,,out_of_area,false,false,outline:no_hit,
Moyreisk,3467,-37.0638618,143.4554195,out_of_area,,out_of_area,false,false,outline:no_hit,
Moyreisk,3477,-36.8666,143.338,out_of_area,,out_of_area,false,false,outline:no_hit,
Moyston,3377,-37.3171971,142.7587443,out_of_area,,out_of_area,false,false,outline:no_hit,
Mt Baw Baw,3833,-37.8383333,146.2736111,out_of_area,,out_of_area,false,false,outline:no_hit,
Muckatah,3644,-36.0007918,145.6197031,out_of_area,,out_of_area,false,false,outline:no_hit,
Muckleford,3451,-37.0693505,144.1537927,out_of_area,,out_of_area,false,false,outline:no_hit,
Muckleford South,3462,-37.1047021,144.1178262,out_of_area,,out_of_area,false,false,outline:no_hit,
Mudgegonga,3737,-36.4684985,146.8683621,out_of_area,,out_of_area,false,false,outline:no_hit,
Mulgrave,3170,-37.9267579,145.1762197,zone_3,zone_3,zone_3,false,true,approved_on_map,
Mumbannar,3304,-37.9251654,141.1935887,out_of_area,,out_of_area,false,false,outline:no_hit,
Mundoona,3635,-36.1748407,145.3565226,out_of_area,,out_of_area,false,false,outline:no_hit,
Munro,3862,-37.9318234,147.2007191,out_of_area,,out_of_area,false,false,outline:no_hit,
Muntham,3312,-37.5925,141.541,out_of_area,,out_of_area,false,false,outline:no_hit,
Muntham,3315,-37.5925202,141.5409665,out_of_area,,out_of_area,false,false,outline:no_hit,
Murchison,3610,-36.616667,145.216667,out_of_area,,out_of_area,false,false,outline:no_hit,
Murchison East,3610,-36.6203401,145.2590707,out_of_area,,out_of_area,false,false,outline:no_hit,
Murchison North,3610,-36.563245,145.2590707,out_of_area,,out_of_area,false,false,outline:no_hit,
Murgheboluc,3218,-38.1048,144.129,out_of_area,,out_of_area,false,false,outline:no_hit,
Murgheboluc,3221,-38.1636337,144.1501922,out_of_area,,out_of_area,false,false,outline:no_hit,
Murmungee,3747,-36.4436817,146.6573474,out_of_area,,out_of_area,false,false,outline:no_hit,
Murnungin,3544,-35.6506681,143.2859904,out_of_area,,out_of_area,false,false,outline:no_hit,
Murphys Creek,3551,-36.7296066,143.7918468,out_of_area,,out_of_area,false,false,outline:no_hit,
Murra Warra,3401,-36.4820399,142.2244577,out_of_area,,out_of_area,false,false,outline:no_hit,
Murrabit,3579,-35.5250292,143.9539977,out_of_area,,out_of_area,false,false,outline:no_hit,
Murrabit West,3579,-35.5039675,143.884505,out_of_area,,out_of_area,false,false,outline:no_hit,
Murrawee,3586,-35.298333,143.518056,out_of_area,,out_of_area,false,false,outline:no_hit,
Murray Lock No 9,3496,-34.3907,141.431,out_of_area,,out_of_area,false,false,outline:no_hit,
Murray-Sunset,3490,-35.0396,141.72,out_of_area,,out_of_area,false,false,outline:no_hit,
Murraydale,3586,-35.2875,143.558333,out_of_area,,out_of_area,false,false,outline:no_hit,
Murrayville,3512,-35.262222,141.183333,out_of_area,,out_of_area,false,false,outline:no_hit,
Murrindal,3885,-37.3987231,148.2152799,out_of_area,,out_of_area,false,false,outline:no_hit,
Murrindindi,3717,-37.3618407,145.53928,out_of_area,,out_of_area,false,false,outline:no_hit,
Murroon,3243,-38.4205099,143.8040591,out_of_area,,out_of_area,false,false,outline:no_hit,
Murrumbeena,3163,-37.8978307,145.070895,zone_1,zone_1,zone_1,false,false,outline:zone_1,
Murtoa,3390,-36.6144503,142.4698649,out_of_area,,out_of_area,false,false,outline:no_hit,
Musk,3461,-37.372,144.193,out_of_area,,out_of_area,false,false,outline:no_hit,
Musk Vale,3461,-37.3823929,144.1338372,out_of_area,,out_of_area,false,false,outline:no_hit,
Muskerry,3557,-36.7091607,144.5294528,out_of_area,,out_of_area,false,false,outline:no_hit,
Muskerry East,3557,-36.676699,144.621357,out_of_area,,out_of_area,false,false,outline:no_hit,
Myall,3533,-35.5365,142.756,out_of_area,,out_of_area,false,false,outline:no_hit,
Myall,3579,-35.587992,144.0177462,out_of_area,,out_of_area,false,false,outline:no_hit,
Myamyn,3304,-37.9877659,141.7275765,out_of_area,,out_of_area,false,false,outline:no_hit,
Myers Flat,3556,-36.7100539,144.1829124,out_of_area,,out_of_area,false,false,outline:no_hit,
Myola,3551,-36.6134918,144.6914452,out_of_area,,out_of_area,false,false,outline:no_hit,
Myola East,3551,-36.6587963,144.710029,out_of_area,,out_of_area,false,false,outline:no_hit,
Myrniong,3341,-37.616667,144.333333,out_of_area,,out_of_area,false,false,outline:no_hit,
Myrrhee,3732,-36.7142444,146.3392412,out_of_area,,out_of_area,false,false,outline:no_hit,
Myrtle Creek,3444,-36.9397607,144.435599,out_of_area,,out_of_area,false,false,outline:no_hit,
Myrtle Creek,3551,-36.9358,144.404,out_of_area,,out_of_area,false,false,outline:no_hit,
Myrtlebank,3851,-38.0664383,147.0168002,out_of_area,,out_of_area,false,false,outline:no_hit,
Myrtleford,3737,-36.5555446,146.7237861,out_of_area,,out_of_area,false,false,outline:no_hit,
Mysia,3518,-36.2033155,143.7708834,out_of_area,,out_of_area,false,false,outline:no_hit,
Mystic Park,3579,-35.5835707,143.7582729,out_of_area,,out_of_area,false,false,outline:no_hit,
Mywee,3641,-35.8513318,145.5105258,out_of_area,,out_of_area,false,false,outline:no_hit,
Nagambie,3608,-36.7802263,145.1528312,out_of_area,,out_of_area,false,false,outline:no_hit,
Nalangil,3249,-38.3160787,143.4662269,out_of_area,,out_of_area,false,false,outline:no_hit,
Nalinga,3646,-36.4351273,145.7304041,out_of_area,,out_of_area,false,false,outline:no_hit,
Nambrok,3847,-38.0532922,146.8388418,out_of_area,,out_of_area,false,false,outline:no_hit,
Nandaly,3533,-35.309015,142.7003871,out_of_area,,out_of_area,false,false,outline:no_hit,
Nangana,3781,-37.866667,145.533333,out_of_area,,out_of_area,false,false,outline:no_hit,
Nangeela,3312,-37.48367,141.3440668,out_of_area,,out_of_area,false,false,outline:no_hit,
Nangiloc,3494,-34.4741667,142.3513591,out_of_area,,out_of_area,false,false,outline:no_hit,
Nanneella,3561,-36.3195848,144.7775976,out_of_area,,out_of_area,false,false,outline:no_hit,
Nap Nap Marra,3860,-37.5786,146.846,out_of_area,,out_of_area,false,false,outline:no_hit,
Napoleons,3352,-37.683333,143.833333,out_of_area,,out_of_area,false,false,outline:no_hit,
Nar Nar Goon,3812,-38.081944,145.575,out_of_area,,out_of_area,false,false,outline:no_hit,
Nar Nar Goon North,3812,-38.019,145.551,out_of_area,,out_of_area,false,false,outline:no_hit,
Narbethong,3778,-37.5233314,145.6710457,out_of_area,,out_of_area,false,false,outline:no_hit,
Nareeb,3293,-37.8235293,142.5404248,out_of_area,,out_of_area,false,false,outline:no_hit,
Nareen,3315,-37.3827172,141.5090945,out_of_area,,out_of_area,false,false,outline:no_hit,
Nareewillock,3525,-36.1840109,143.4206435,out_of_area,,out_of_area,false,false,outline:no_hit,
Nariel Valley,3705,-36.1623,147.803,out_of_area,,out_of_area,false,false,outline:no_hit,
Nariel Valley,3707,-36.3208467,147.8261046,out_of_area,,out_of_area,false,false,outline:no_hit,
Naring,3636,-36.0711365,145.5739362,out_of_area,,out_of_area,false,false,outline:no_hit,
Naringal,3277,-38.3968573,142.716985,out_of_area,,out_of_area,false,false,outline:no_hit,
Naringal East,3277,-38.3945862,142.7840666,out_of_area,,out_of_area,false,false,outline:no_hit,
Naroghid,3266,-38.2563491,143.0620155,out_of_area,,out_of_area,false,false,outline:no_hit,
Narracan,3824,-38.264013,146.2370535,out_of_area,,out_of_area,false,false,outline:no_hit,
Narraport,3483,-36.015576,143.056305,out_of_area,,out_of_area,false,false,outline:no_hit,
Narrapumelap South,3293,-37.7538261,142.6405948,out_of_area,,out_of_area,false,false,outline:no_hit,
Narrawong,3285,-38.2173608,141.7053755,out_of_area,,out_of_area,false,false,outline:no_hit,
Narre Warren,3805,-38.0302499,145.3032906,zone_3,zone_3,zone_3,false,true,named_by_tom,
Narre Warren East,3804,-37.961,145.367,out_of_area,,out_of_area,false,false,outline:no_hit,
Narre Warren North,3804,-37.982,145.314,zone_3,zone_3,zone_3,false,true,approved_on_map,
Narre Warren South,3805,-38.055,145.303,zone_3,zone_3,zone_3,false,true,approved_on_map,
Narrung,3597,-34.790356,143.2365866,out_of_area,,out_of_area,false,false,outline:no_hit,
Nathalia,3638,-36.058333,145.203611,out_of_area,,out_of_area,false,false,outline:no_hit,
Natimuk,3409,-36.7458317,141.9352015,out_of_area,,out_of_area,false,false,outline:no_hit,
Natte Yallock,3465,-36.9365449,143.4678223,out_of_area,,out_of_area,false,false,outline:no_hit,
Natya,3597,-34.8935781,143.3123474,out_of_area,,out_of_area,false,false,outline:no_hit,
Navarre,3384,-36.9001275,143.1134295,out_of_area,,out_of_area,false,false,outline:no_hit,
Navigators,3352,-37.6172482,143.9269679,out_of_area,,out_of_area,false,false,outline:no_hit,
Nayook,3821,-37.9151,145.93,out_of_area,,out_of_area,false,false,outline:no_hit,
Nayook,3832,-37.9151442,145.9302897,out_of_area,,out_of_area,false,false,outline:no_hit,
Neds Corner,3496,-34.274805,141.263471,out_of_area,,out_of_area,false,false,outline:no_hit,
Neereman,3463,-36.9196596,143.9551761,out_of_area,,out_of_area,false,false,outline:no_hit,
Neerim,3831,-37.966667,145.95,out_of_area,,out_of_area,false,false,outline:no_hit,
Neerim East,3831,-37.9622559,146.0006153,out_of_area,,out_of_area,false,false,outline:no_hit,
Neerim Junction,3821,-37.9227,145.968,out_of_area,,out_of_area,false,false,outline:no_hit,
Neerim Junction,3832,-37.9227365,145.9677767,out_of_area,,out_of_area,false,false,outline:no_hit,
Neerim North,3821,-37.9167,146,out_of_area,,out_of_area,false,false,outline:no_hit,
Neerim North,3832,-37.916667,146,out_of_area,,out_of_area,false,false,outline:no_hit,
Neerim South,3831,-38.016667,145.966667,out_of_area,,out_of_area,false,false,outline:no_hit,
Neilborough,3570,-36.5844691,144.2408874,out_of_area,,out_of_area,false,false,outline:no_hit,
Nelse,3699,-36.8325,147.36,out_of_area,,out_of_area,false,false,outline:no_hit,
Nelson,3292,-38.0625136,141.1198886,out_of_area,,out_of_area,false,false,outline:no_hit,
Nerrena,3953,-38.4925267,146.011761,out_of_area,,out_of_area,false,false,outline:no_hit,
Nerrin Nerrin,3351,-37.7587774,143.0146656,out_of_area,,out_of_area,false,false,outline:no_hit,
Nerrina,3350,-37.533,143.903,out_of_area,,out_of_area,false,false,outline:no_hit,
Nerring,3373,-37.4979997,143.4459973,out_of_area,,out_of_area,false,false,outline:no_hit,
Netherby,3418,-36.1414772,141.6629929,out_of_area,,out_of_area,false,false,outline:no_hit,
Neuarpurr,3413,-36.7038896,140.9802231,out_of_area,,out_of_area,false,false,outline:no_hit,
New Gisborne,3438,-37.4618532,144.620463,out_of_area,,out_of_area,false,false,outline:no_hit,
Newborough,3825,-38.1760805,146.2985284,out_of_area,,out_of_area,false,false,outline:no_hit,
Newborough East,3825,-38.1760805,146.2985284,out_of_area,,out_of_area,false,false,outline:no_hit,
Newbridge,3551,-36.7728183,143.9085663,out_of_area,,out_of_area,false,false,outline:no_hit,
Newbury,3458,-37.4262018,144.2866151,out_of_area,,out_of_area,false,false,outline:no_hit,
Newcomb,3219,-38.17,144.396,out_of_area,,out_of_area,false,false,outline:no_hit,
Newfield,3268,-38.5591501,143.0103947,out_of_area,,out_of_area,false,false,outline:no_hit,
Newham,3442,-37.316667,144.6,out_of_area,,out_of_area,false,false,outline:no_hit,
Newhaven,3925,-38.5125,145.358333,out_of_area,,out_of_area,false,false,outline:no_hit,
Newington,3350,-37.5655288,143.8264533,out_of_area,,out_of_area,false,false,outline:no_hit,
Newlands Arm,3875,-37.9277583,147.692083,out_of_area,,out_of_area,false,false,outline:no_hit,
Newlyn,3364,-37.416944,143.983056,out_of_area,,out_of_area,false,false,outline:no_hit,
Newlyn North,3364,-37.3926739,144.0031194,out_of_area,,out_of_area,false,false,outline:no_hit,
Newmerella,3886,-37.7514308,148.42875,out_of_area,,out_of_area,false,false,outline:no_hit,
Newport,3015,-37.842,144.884,zone_5,zone_5,zone_5,false,true,approved_on_map,
Newry,3859,-37.905059,146.900704,out_of_area,,out_of_area,false,false,outline:no_hit,
Newstead,3462,-37.105278,144.065,out_of_area,,out_of_area,false,false,outline:no_hit,
Newtown,3220,-38.15,144.333,out_of_area,,out_of_area,false,false,outline:no_hit,
Newtown,3351,-37.6982548,143.6620414,out_of_area,,out_of_area,false,false,outline:no_hit,
Nhill,3418,-36.3327981,141.6503461,out_of_area,,out_of_area,false,false,outline:no_hit,
Nichols Point,3501,-34.2076592,142.2018502,out_of_area,,out_of_area,false,false,outline:no_hit,
Nicholson,3882,-37.8071978,147.7573,out_of_area,,out_of_area,false,false,outline:no_hit,
Niddrie,3042,-37.7392692,144.8864718,zone_2,zone_2,zone_2,false,true,approved_on_map,
Niddrie North,3042,-37.7393,144.886,zone_2,zone_2,zone_2,false,false,outline:zone_2,
Nillahcootie,3723,-36.8751645,145.9999188,out_of_area,,out_of_area,false,false,outline:no_hit,
Nilma,3821,-38.1704499,145.9720608,out_of_area,,out_of_area,false,false,outline:no_hit,
Nilma North,3821,-38.1349479,146.013851,out_of_area,,out_of_area,false,false,outline:no_hit,
Ninda,3533,-35.4422222,142.7246975,out_of_area,,out_of_area,false,false,outline:no_hit,
Nine Mile,3518,-36.4612141,143.4179432,out_of_area,,out_of_area,false,false,outline:no_hit,
Nintingbool,3351,-37.6125783,143.7233581,out_of_area,,out_of_area,false,false,outline:no_hit,
Ninyeunook,3527,-35.9574,143.421,out_of_area,,out_of_area,false,false,outline:no_hit,
Ninyeunook,3540,-35.9573887,143.421335,out_of_area,,out_of_area,false,false,outline:no_hit,
Nirranda,3268,-38.502099,142.7829978,out_of_area,,out_of_area,false,false,outline:no_hit,
Nirranda East,3268,-38.4825115,142.8580598,out_of_area,,out_of_area,false,false,outline:no_hit,
Nirranda South,3268,-38.5251704,142.7904251,out_of_area,,out_of_area,false,false,outline:no_hit,
Noble Park,3174,-37.9650097,145.1733926,zone_3,zone_3,zone_3,false,true,named_by_tom,
Noble Park East,3174,-37.9650097,145.1733926,zone_3,zone_3,zone_3,false,false,outline:zone_3,
Noble Park North,3174,-37.9641212,145.1762197,zone_3,zone_3,zone_3,false,false,outline:zone_3,
Noojee,3833,-37.883333,146,out_of_area,,out_of_area,false,false,outline:no_hit,
Noorat,3265,-38.2006511,142.9364881,out_of_area,,out_of_area,false,false,outline:no_hit,
Noorat East,3265,-38.1974508,142.9760697,out_of_area,,out_of_area,false,false,outline:no_hit,
Noorinbee,3890,-37.5096536,149.1705795,out_of_area,,out_of_area,false,false,outline:no_hit,
Noorinbee North,3890,-37.424735,149.1942574,out_of_area,,out_of_area,false,false,outline:no_hit,
Noradjuha,3401,-36.84,141.972,out_of_area,,out_of_area,false,false,outline:no_hit,
Noradjuha,3409,-36.8400041,141.9722382,out_of_area,,out_of_area,false,false,outline:no_hit,
Norlane,3214,-38.092,144.356,out_of_area,,out_of_area,false,false,outline:no_hit,
Normanville,3579,-35.8090963,143.7597716,out_of_area,,out_of_area,false,false,outline:no_hit,
Norong,3682,-36.072901,146.320194,out_of_area,,out_of_area,false,false,outline:no_hit,
Norong Central,3685,-36.0826,146.333,out_of_area,,out_of_area,false,false,outline:no_hit,
North Bendigo,3550,-36.7359634,144.2784231,out_of_area,,out_of_area,false,false,outline:no_hit,
North Blackwood,3458,-37.416667,144.366667,out_of_area,,out_of_area,false,false,outline:no_hit,
North Geelong,3215,-38.1093956,144.3521811,out_of_area,,out_of_area,false,false,outline:no_hit,
North Melbourne,3051,-37.7983816,144.9419122,zone_2,zone_2,zone_2,false,true,approved_on_map,
North Road,3187,-37.9013216,145.019596,zone_1,zone_1,zone_1,false,false,outline:zone_1,
North Shore,3214,-38.099,144.373,out_of_area,,out_of_area,false,false,outline:no_hit,
North Wangaratta,3678,-36.3285622,146.3663374,out_of_area,,out_of_area,false,false,outline:no_hit,
North Warrandyte,3113,-37.726,145.216,pre_arranged,Eltham to Wonga Park,pre_arranged,false,true,approved_on_map,
North Wonthaggi,3995,-38.6089501,145.5911028,out_of_area,,out_of_area,false,false,outline:no_hit,
Northcote,3070,-37.7736132,144.9997396,zone_2,zone_2,zone_2,false,true,approved_on_map,
Northcote South,3070,-37.779531,144.996757,zone_2,zone_2,zone_2,false,false,outline:zone_2,
Northland Centre,3072,-37.7385104,145.0300628,zone_2,zone_2,zone_2,false,false,outline:zone_2,
Northwood,3660,-36.9482551,145.1044805,out_of_area,,out_of_area,false,false,outline:no_hit,
Norval,3377,-37.2531884,142.8717953,out_of_area,,out_of_area,false,false,outline:no_hit,
Notting Hill,3168,-37.9048347,145.1458611,zone_1,zone_1,zone_1,false,false,outline:zone_1,
Nowa Nowa,3887,-37.7343937,148.0867723,out_of_area,,out_of_area,false,false,outline:no_hit,
Nowhere Creek,3469,-37.124108,143.2958532,out_of_area,,out_of_area,false,false,outline:no_hit,
Nowie,3585,-35.369287,143.2714994,out_of_area,,out_of_area,false,false,outline:no_hit,
Nug Nug,3737,-36.6663602,146.6958662,out_of_area,,out_of_area,false,false,outline:no_hit,
Nuggetty,3463,-36.960016,144.0582395,out_of_area,,out_of_area,false,false,outline:no_hit,
Nulla Vale,3435,-37.1897923,144.7460094,out_of_area,,out_of_area,false,false,outline:no_hit,
Nullawarre,3268,-38.4756101,142.8131861,out_of_area,,out_of_area,false,false,outline:no_hit,
Nullawarre East,3268,-38.4756,142.813,out_of_area,,out_of_area,false,false,outline:no_hit,
Nullawarre North,3268,-38.4413,142.782,out_of_area,,out_of_area,false,false,outline:no_hit,
Nullawil,3529,-35.8508477,143.1747947,out_of_area,,out_of_area,false,false,outline:no_hit,
Numurkah,3636,-36.0883415,145.442323,out_of_area,,out_of_area,false,false,outline:no_hit,
Nunawading,3131,-37.8184273,145.1760206,zone_1,zone_1,zone_1,false,true,approved_on_map,
Nungurner,3909,-37.8552118,147.8992133,out_of_area,,out_of_area,false,false,outline:no_hit,
Nunniong,3896,-37.2241522,147.9541666,out_of_area,,out_of_area,false,false,outline:no_hit,
Nuntin,3860,-38.2243721,146.4301419,out_of_area,,out_of_area,false,false,outline:no_hit,
Nurcoung,3401,-36.6770462,141.6419409,out_of_area,,out_of_area,false,false,outline:no_hit,
Nurrabiel,3401,-36.9392697,142.0430608,out_of_area,,out_of_area,false,false,outline:no_hit,
Nurran,3888,-37.396581,148.5912894,out_of_area,,out_of_area,false,false,outline:no_hit,
Nutfield,3099,-37.603,145.181,out_of_area,,out_of_area,false,false,outline:no_hit,
Nyah,3594,-35.1526896,143.3582223,out_of_area,,out_of_area,false,false,outline:no_hit,
Nyah West,3595,-35.1832549,143.3366401,out_of_area,,out_of_area,false,false,outline:no_hit,
Nyarrin,3533,-35.38806,142.6858801,out_of_area,,out_of_area,false,false,outline:no_hit,
Nyerimilang,3909,-37.8710154,147.921537,out_of_area,,out_of_area,false,false,outline:no_hit,
Nyora,3987,-38.3054452,145.6800684,out_of_area,,out_of_area,false,false,outline:no_hit,
Nyrraby,3585,-35.2216153,143.2238262,out_of_area,,out_of_area,false,false,outline:no_hit,
Oak Park,3046,-37.718,144.919,zone_2,zone_2,zone_2,false,true,approved_on_map,
Oaklands Junction,3063,-37.6117964,144.8401227,out_of_area,,out_of_area,false,false,outline:no_hit,
Oakleigh,3166,-37.8990236,145.0923305,zone_1,zone_1,zone_1,false,true,approved_on_map,
Oakleigh East,3166,-37.9085262,145.1181383,zone_1,zone_1,zone_1,false,false,outline:zone_1,
Oakleigh South,3167,-37.9193474,145.0989646,zone_1,zone_1,zone_1,false,false,outline:zone_1,
Oakvale,3540,-35.9300673,143.5432638,out_of_area,,out_of_area,false,false,outline:no_hit,
Ocean Grange,3880,-37.9968555,147.6893783,out_of_area,,out_of_area,false,false,outline:no_hit,
Ocean Grove,3226,-38.2573292,144.5382417,out_of_area,,out_of_area,false,false,outline:no_hit,
Officer,3809,-38.0611204,145.415089,pre_arranged,Cranbourne to Pakenham,pre_arranged,false,true,named_by_tom,
Officer South,3809,-38.1003957,145.4132472,pre_arranged,Cranbourne to Pakenham,pre_arranged,false,false,outline:Cranbourne to Pakenham,
Old Tallangatta,3701,-36.2024,147.249,out_of_area,,out_of_area,false,false,outline:no_hit,
Olinda,3788,-37.8532703,145.3751961,zone_3,zone_3,zone_3,true,true,named_by_tom_as_dandenong_ranges,
Ombersley,3241,-38.2042916,143.8651496,out_of_area,,out_of_area,false,false,outline:no_hit,
Omeo,3898,-37.1,147.6,out_of_area,,out_of_area,false,false,outline:no_hit,
Omeo Valley,3888,-36.9546793,147.6360481,out_of_area,,out_of_area,false,false,outline:no_hit,
Omeo Valley,3898,-36.9547,147.636,out_of_area,,out_of_area,false,false,outline:no_hit,
Ondit,3249,-38.2420011,143.6176937,out_of_area,,out_of_area,false,false,outline:no_hit,
Orbost,3888,-37.7028259,148.4653469,out_of_area,,out_of_area,false,false,outline:no_hit,
Orford,3284,-38.1985238,142.1295373,out_of_area,,out_of_area,false,false,outline:no_hit,
Ormond,3204,-37.902081,145.0410692,zone_1,zone_1,zone_1,false,false,outline:zone_1,
Orrvale,3631,-36.4126671,145.4526995,out_of_area,,out_of_area,false,false,outline:no_hit,
Osbornes Flat,3691,-36.3087971,146.8933207,out_of_area,,out_of_area,false,false,outline:no_hit,
Outtrim,3951,-38.5116349,145.7696509,out_of_area,,out_of_area,false,false,outline:no_hit,
Ouyen,3490,-35.0725808,142.3187749,out_of_area,,out_of_area,false,false,outline:no_hit,
Ovens,3738,-36.6120774,146.7749116,out_of_area,,out_of_area,false,false,outline:no_hit,
Oxley,3678,-36.4349409,146.3554145,out_of_area,,out_of_area,false,false,outline:no_hit,
Oxley Flats,3678,-36.3984929,146.3957459,out_of_area,,out_of_area,false,false,outline:no_hit,
Ozenkadnook,3413,-36.8245518,141.3414454,out_of_area,,out_of_area,false,false,outline:no_hit,
Paaratte,3268,-38.538399,142.9942663,out_of_area,,out_of_area,false,false,outline:no_hit,
Painswick,3551,-36.7890012,143.7441454,out_of_area,,out_of_area,false,false,outline:no_hit,
Pakenham,3810,-38.073568,145.4851308,pre_arranged,Cranbourne to Pakenham,pre_arranged,false,true,named_by_tom,
Pakenham South,3810,-38.134338,145.5025595,out_of_area,,out_of_area,false,false,outline:no_hit,
Pakenham Upper,3810,-38.0034676,145.5025595,out_of_area,,out_of_area,false,false,outline:no_hit,
Panitya,3512,-35.238,140.991,out_of_area,,out_of_area,false,false,outline:no_hit,
Panmure,3265,-38.3367162,142.7352451,out_of_area,,out_of_area,false,false,outline:no_hit,
Panton Hill,3759,-37.6400391,145.2424941,out_of_area,,out_of_area,false,false,outline:no_hit,
Paradise,3381,-36.9453536,143.2210793,out_of_area,,out_of_area,false,false,outline:no_hit,
Paradise,3477,-36.8317,143.109,out_of_area,,out_of_area,false,false,outline:no_hit,
Paradise Beach,3851,-38.1992076,147.4033451,out_of_area,,out_of_area,false,false,outline:no_hit,
Paraparap,3240,-38.298889,144.183889,out_of_area,,out_of_area,false,false,outline:no_hit,
Park Orchards,3114,-37.7760752,145.2148736,pre_arranged,Eltham to Wonga Park,pre_arranged,false,true,approved_on_map,
Parkdale,3195,-37.991,145.08,zone_1,zone_1,zone_1,false,true,named_by_tom,
Parkville,3052,-37.7862363,144.9474178,zone_2,zone_2,zone_2,false,false,outline:zone_2,
Parkwood,3315,-37.5673,141.866,out_of_area,,out_of_area,false,false,outline:no_hit,
Parwan,3340,-37.716667,144.45,out_of_area,,out_of_area,false,false,outline:no_hit,
Paschendale,3315,-37.6742833,141.5945592,out_of_area,,out_of_area,false,false,outline:no_hit,
Pascoe Vale,3044,-37.727,144.942,zone_2,zone_2,zone_2,false,true,named_by_tom,
Pascoe Vale South,3044,-37.7457735,144.9384576,zone_2,zone_2,zone_2,false,false,outline:zone_2,
Pastoria,3444,-37.1813812,144.6369172,out_of_area,,out_of_area,false,false,outline:no_hit,
Pastoria East,3444,-37.1813812,144.6369172,out_of_area,,out_of_area,false,false,outline:no_hit,
Patchewollock,3491,-35.394936,142.1063337,out_of_area,,out_of_area,false,false,outline:no_hit,
Patho,3564,-35.9890135,144.4266907,out_of_area,,out_of_area,false,false,outline:no_hit,
Patho West,3564,-35.9890135,144.4266907,out_of_area,,out_of_area,false,false,outline:no_hit,
Patterson,3204,-37.9259677,145.0381432,zone_1,zone_1,zone_1,false,false,outline:zone_1,
Patterson Lakes,3197,-38.0742262,145.1431018,zone_4,zone_4,zone_4,false,true,approved_on_map,
Patyah,3318,-36.8338499,141.2700543,out_of_area,,out_of_area,false,false,outline:no_hit,
Paynesville,3880,-37.9112576,147.7123335,out_of_area,,out_of_area,false,false,outline:no_hit,
Pearcedale,3912,-38.203,145.231,out_of_area,,out_of_area,false,true,approved_on_map,
Pearsondale,3851,-38.1343526,147.0134889,out_of_area,,out_of_area,false,false,outline:no_hit,
Peechelba,3678,-36.2,146.233333,out_of_area,,out_of_area,false,false,outline:no_hit,
Peechelba East,3678,-36.1754934,146.2569585,out_of_area,,out_of_area,false,false,outline:no_hit,
Pelluebla,3727,-36.1998005,146.0037499,out_of_area,,out_of_area,false,false,outline:no_hit,
Pennyroyal,3235,-38.443056,143.876111,out_of_area,,out_of_area,false,false,outline:no_hit,
Penshurst,3289,-37.883333,142.283333,out_of_area,,out_of_area,false,false,outline:no_hit,
Pental Island,3586,-35.3985004,143.6573007,out_of_area,,out_of_area,false,false,outline:no_hit,
Pentland Hills,3341,-37.6344134,144.3451301,out_of_area,,out_of_area,false,false,outline:no_hit,
Percydale,3478,-37.0383525,143.401068,out_of_area,,out_of_area,false,false,outline:no_hit,
Perkins Reef,3463,-36.9875311,144.0729356,out_of_area,,out_of_area,false,false,outline:no_hit,
Peronne,3413,-36.7403549,141.3106525,out_of_area,,out_of_area,false,false,outline:no_hit,
Perry Bridge,3862,-38.0044156,147.2652758,out_of_area,,out_of_area,false,false,outline:no_hit,
Peterborough,3270,-38.5949819,142.8793838,out_of_area,,out_of_area,false,false,outline:no_hit,
Petticoat Creek,3233,-38.7140382,143.7301364,out_of_area,,out_of_area,false,false,outline:no_hit,
Pheasant Creek,3757,-37.483333,145.283333,out_of_area,,out_of_area,false,false,outline:no_hit,
Piangil,3597,-35.0739274,143.3300801,out_of_area,,out_of_area,false,false,outline:no_hit,
Piavella,3572,-36.3147326,144.3248554,out_of_area,,out_of_area,false,false,outline:no_hit,
Picola,3639,-36.0113631,145.1324102,out_of_area,,out_of_area,false,false,outline:no_hit,
Picola West,3639,-35.9668967,145.0669104,out_of_area,,out_of_area,false,false,outline:no_hit,
Piedmont,3833,-37.8938569,145.9442113,out_of_area,,out_of_area,false,false,outline:no_hit,
Pier Milan,3533,-35.2373,142.692,out_of_area,,out_of_area,false,false,outline:no_hit,
Pigeon Ponds,3407,-37.2947285,141.6699251,out_of_area,,out_of_area,false,false,outline:no_hit,
Piggoreet,3351,-37.7317637,143.6522212,out_of_area,,out_of_area,false,false,outline:no_hit,
Pilchers Bridge,3551,-36.9374754,144.3713146,out_of_area,,out_of_area,false,false,outline:no_hit,
Pimpinio,3401,-36.583333,142.116667,out_of_area,,out_of_area,false,false,outline:no_hit,
Pine Grove,3573,-36.225239,144.4688326,out_of_area,,out_of_area,false,false,outline:no_hit,
Pine Grove East,3573,-36.225239,144.4688326,out_of_area,,out_of_area,false,false,outline:no_hit,
Pine Lodge,3631,-36.3500634,145.5586858,out_of_area,,out_of_area,false,false,outline:no_hit,
Pine Mountain,3709,-35.9872127,147.8342647,out_of_area,,out_of_area,false,false,outline:no_hit,
Pine View,3579,-35.8086557,143.6647948,out_of_area,,out_of_area,false,false,outline:no_hit,
Pines Forest,3200,-38.1236271,145.1478809,zone_4,zone_4,zone_4,false,false,outline:zone_4,
Pinewood,3149,-37.8886721,145.1403684,zone_1,zone_1,zone_1,false,false,outline:zone_1,
Pioneer Bay,3984,-38.3805015,145.5503685,out_of_area,,out_of_area,false,false,outline:no_hit,
Pipers Creek,3444,-37.245262,144.5491997,out_of_area,,out_of_area,false,false,outline:no_hit,
Pira,3585,-35.254167,143.365278,out_of_area,,out_of_area,false,false,outline:no_hit,
Piries,3723,-37.1593256,146.127394,out_of_area,,out_of_area,false,false,outline:no_hit,
Pirron Yallock,3249,-38.3554705,143.4230064,out_of_area,,out_of_area,false,false,outline:no_hit,
Pitfield,3351,-37.8299666,143.6146479,out_of_area,,out_of_area,false,false,outline:no_hit,
Pittong,3360,-37.6760324,143.4476526,out_of_area,,out_of_area,false,false,outline:no_hit,
Plenty,3090,-37.670486,145.1099967,out_of_area,,out_of_area,false,false,outline:no_hit,
Plumpton,3037,-37.694,144.752,out_of_area,,out_of_area,false,false,outline:no_hit,
Plumpton,3335,-37.6731215,144.6630148,out_of_area,,out_of_area,false,false,outline:no_hit,
Plumpton,3427,-37.6154,144.686,out_of_area,,out_of_area,false,false,outline:no_hit,
Point Cook,3030,-37.9178086,144.7477259,out_of_area,,out_of_area,false,true,approved_on_map,
Point Leo,3916,-38.421,145.075,out_of_area,,out_of_area,false,false,outline:no_hit,
Point Lonsdale,3225,-38.283333,144.6,out_of_area,,out_of_area,false,false,outline:no_hit,
Point Wilson,3212,-38.0425432,144.5255221,out_of_area,,out_of_area,false,false,outline:no_hit,
Polisbet,3585,-35.2907707,143.1276769,out_of_area,,out_of_area,false,false,outline:no_hit,
Pomborneit,3260,-38.2837243,143.2984298,out_of_area,,out_of_area,false,false,outline:no_hit,
Pomborneit East,3249,-38.2907591,143.3889203,out_of_area,,out_of_area,false,false,outline:no_hit,
Pomborneit North,3260,-38.2477049,143.3197833,out_of_area,,out_of_area,false,false,outline:no_hit,
Pomonal,3381,-37.192222,142.608889,out_of_area,,out_of_area,false,false,outline:no_hit,
Pompapiel,3571,-36.3429072,144.0920889,out_of_area,,out_of_area,false,false,outline:no_hit,
Poolaijelo,3312,-37.188264,140.9807118,out_of_area,,out_of_area,false,false,outline:no_hit,
Pootilla,3352,-37.526444,143.9595951,out_of_area,,out_of_area,false,false,outline:no_hit,
Poowong,3988,-38.35,145.75,out_of_area,,out_of_area,false,false,outline:no_hit,
Poowong East,3988,-38.3182611,145.8264786,out_of_area,,out_of_area,false,false,outline:no_hit,
Poowong North,3988,-38.286259,145.7911919,out_of_area,,out_of_area,false,false,outline:no_hit,
Porcupine Flat,3463,-36.9625622,144.1196762,out_of_area,,out_of_area,false,false,outline:no_hit,
Porcupine Ridge,3461,-37.2950055,144.1931402,out_of_area,,out_of_area,false,false,outline:no_hit,
Porepunkah,3740,-36.694433,146.9264143,out_of_area,,out_of_area,false,false,outline:no_hit,
Port Albert,3971,-38.665278,146.688333,out_of_area,,out_of_area,false,false,outline:no_hit,
Port Campbell,3269,-38.6191008,142.9961352,out_of_area,,out_of_area,false,false,outline:no_hit,
Port Fairy,3284,-38.3810122,142.2292907,out_of_area,,out_of_area,false,false,outline:no_hit,
Port Franklin,3964,-38.6847281,146.2733747,out_of_area,,out_of_area,false,false,outline:no_hit,
Port Melbourne,3207,-37.8315264,144.9226452,zone_1,zone_1,zone_1,false,true,approved_on_map,
Port Welshpool,3965,-38.692708,146.4775937,out_of_area,,out_of_area,false,false,outline:no_hit,
Portarlington,3223,-38.116667,144.65,out_of_area,,out_of_area,false,false,outline:no_hit,
Portland,3305,-38.360895,141.6041155,out_of_area,,out_of_area,false,false,outline:no_hit,
Portland North,3305,-38.3068084,141.5727929,out_of_area,,out_of_area,false,false,outline:no_hit,
Portland West,3305,-38.3405909,141.5550031,out_of_area,,out_of_area,false,false,outline:no_hit,
Portsea,3944,-38.32,144.713,pre_arranged,Mount Martha to Portsea,pre_arranged,false,true,approved_on_map,
Pound Creek,3996,-38.6041152,145.8628005,out_of_area,,out_of_area,false,false,outline:no_hit,
Powelltown,3797,-37.865,145.753,out_of_area,,out_of_area,false,false,outline:no_hit,
Powers Creek,3312,-37.1928008,141.2930006,out_of_area,,out_of_area,false,false,outline:no_hit,
Powlett Plains,3517,-36.4730372,143.845799,out_of_area,,out_of_area,false,false,outline:no_hit,
Powlett River,3995,-38.5787598,145.5332945,out_of_area,,out_of_area,false,false,outline:no_hit,
Prahran,3181,-37.852,144.998,zone_1,zone_1,zone_1,false,false,outline:zone_1,
Prahran East,3181,-37.852,144.998,zone_1,zone_1,zone_1,false,false,outline:zone_1,
Prairie,3572,-36.2983314,144.2330412,out_of_area,,out_of_area,false,false,outline:no_hit,
Pranjip,3665,-36.7191775,145.3554853,out_of_area,,out_of_area,false,false,outline:no_hit,
Pranjip,3666,-36.7192,145.355,out_of_area,,out_of_area,false,false,outline:no_hit,
Prentice North,3685,-36.03,146.5,out_of_area,,out_of_area,false,false,outline:no_hit,
Preston,3072,-37.7399362,145.0107588,zone_2,zone_2,zone_2,false,true,approved_on_map,
Preston Lower,3072,-37.7508858,144.9877873,zone_2,zone_2,zone_2,false,false,outline:zone_2,
Preston South,3072,-37.7514021,145.0023878,zone_2,zone_2,zone_2,false,false,outline:zone_2,
Preston West,3072,-37.7376921,144.9955479,zone_2,zone_2,zone_2,false,false,outline:zone_2,
Princes Hill,3054,-37.784,144.966,zone_2,zone_2,zone_2,false,false,outline:zone_2,
Princetown,3269,-38.6724766,143.1756455,out_of_area,,out_of_area,false,false,outline:no_hit,
Puckapunyal,3662,-36.9514,144.917,out_of_area,,out_of_area,false,false,outline:no_hit,
Puckapunyal Milpo,3662,-36.9976,145.026,out_of_area,,out_of_area,false,false,outline:no_hit,
Pura Pura,3271,-37.8157187,143.0778056,out_of_area,,out_of_area,false,false,outline:no_hit,
Puralka,3311,-37.81,141.08,out_of_area,,out_of_area,false,false,outline:no_hit,
Purdeet,3289,-37.9382718,142.3694561,out_of_area,,out_of_area,false,false,outline:no_hit,
Purnim,3278,-38.2910882,142.5953418,out_of_area,,out_of_area,false,false,outline:no_hit,
Purnim West,3278,-38.2986695,142.5585419,out_of_area,,out_of_area,false,false,outline:no_hit,
Pyalong,3521,-37.0989702,144.851121,out_of_area,,out_of_area,false,false,outline:no_hit,
Pyramid Hill,3575,-36.0556784,144.1341779,out_of_area,,out_of_area,false,false,outline:no_hit,
Quambatook,3540,-35.849937,143.5233295,out_of_area,,out_of_area,false,false,outline:no_hit,
Quandong,3030,-37.8414477,144.5470351,out_of_area,,out_of_area,false,false,outline:no_hit,
Quantong,3401,-36.7580965,142.0555986,out_of_area,,out_of_area,false,false,outline:no_hit,
Quarry Hill,3550,-36.766667,144.283333,out_of_area,,out_of_area,false,false,outline:no_hit,
Queenscliff,3225,-38.2677746,144.6286897,out_of_area,,out_of_area,false,false,outline:no_hit,
Queensferry,3984,-38.4193115,145.5011741,out_of_area,,out_of_area,false,false,outline:no_hit,
Raglan,3373,-37.3590952,143.3332684,out_of_area,,out_of_area,false,false,outline:no_hit,
Rainbow,3424,-35.9008,141.997,out_of_area,,out_of_area,false,false,outline:no_hit,
Ranceby,3951,-38.3790882,145.8364124,out_of_area,,out_of_area,false,false,outline:no_hit,
Rangeview,3132,-37.8043293,145.2004016,zone_2,zone_2,zone_2,false,false,outline:zone_2,
Rathscar,3465,-36.9788504,143.5666075,out_of_area,,out_of_area,false,false,outline:no_hit,
Rathscar West,3465,-37.0137796,143.4875086,out_of_area,,out_of_area,false,false,outline:no_hit,
Ravenhall,3023,-37.7910708,144.7257546,pre_arranged,north-west and west,pre_arranged,false,false,outline:north-west and west,
Ravenswood,3453,-36.866435,144.2080832,out_of_area,,out_of_area,false,false,outline:no_hit,
Ravenswood South,3453,-36.9523424,144.2364525,out_of_area,,out_of_area,false,false,outline:no_hit,
Rawson,3825,-37.95,146.4,out_of_area,,out_of_area,false,false,outline:no_hit,
Raymond Island,3880,-37.916667,147.733333,out_of_area,,out_of_area,false,false,outline:no_hit,
Raywood,3570,-36.544166,144.1890489,out_of_area,,out_of_area,false,false,outline:no_hit,
Red Bluff,3695,-36.304285,147.123674,out_of_area,,out_of_area,false,false,outline:no_hit,
Red Cliffs,3496,-34.3075,142.188056,out_of_area,,out_of_area,false,false,outline:no_hit,
Red Hill,3937,-38.355,145.016,out_of_area,,out_of_area,false,true,approved_on_map,
Red Hill South,3937,-38.384,145.024,out_of_area,,out_of_area,false,false,outline:no_hit,
Red Lion,3371,-37.1676,143.749,out_of_area,,out_of_area,false,false,outline:no_hit,
Redan,3350,-37.577,143.844,out_of_area,,out_of_area,false,false,outline:no_hit,
Redbank,3477,-36.936,143.324,out_of_area,,out_of_area,false,false,outline:no_hit,
Redcastle,3523,-36.7704954,144.7611153,out_of_area,,out_of_area,false,false,outline:no_hit,
Redesdale,3444,-37.0012974,144.4937398,out_of_area,,out_of_area,false,false,outline:no_hit,
Reedy Creek,3658,-37.2652467,145.1486206,out_of_area,,out_of_area,false,false,outline:no_hit,
Reedy Creek,3895,-37.2652467,145.1486206,out_of_area,,out_of_area,false,false,outline:no_hit,
Reedy Dam,3395,-35.9408,142.638,out_of_area,,out_of_area,false,false,outline:no_hit,
Reedy Dam,3483,-35.940798,142.6380623,out_of_area,,out_of_area,false,false,outline:no_hit,
Reedy Flat,3895,-37.3997,147.913,out_of_area,,out_of_area,false,false,outline:no_hit,
Reedy Lake,3579,-35.6843388,143.8632822,out_of_area,,out_of_area,false,false,outline:no_hit,
Reefton,3799,-37.6687532,145.8535353,out_of_area,,out_of_area,false,false,outline:no_hit,
Regent West,3072,-37.7301,144.998,zone_2,zone_2,zone_2,false,false,outline:zone_2,
Remlaw,3401,-36.7134,142.116,out_of_area,,out_of_area,false,false,outline:no_hit,
Research,3095,-37.707,145.18,pre_arranged,Eltham to Wonga Park,pre_arranged,false,false,outline:Eltham to Wonga Park,
Reservoir,3073,-37.7118644,145.0107588,zone_2,zone_2,zone_2,false,true,named_by_tom,
Reservoir East,3073,-37.7192575,145.0215296,zone_2,zone_2,zone_2,false,false,outline:zone_2,
Reservoir North,3073,-37.7118644,145.0107588,zone_2,zone_2,zone_2,false,false,outline:zone_2,
Reservoir South,3073,-37.730588,145.014943,zone_2,zone_2,zone_2,false,false,outline:zone_2,
Reynard,3858,-37.3559,146.625,out_of_area,,out_of_area,false,false,outline:no_hit,
Rheola,3517,-36.6464456,143.7013326,out_of_area,,out_of_area,false,false,outline:no_hit,
Rhyll,3923,-38.4724137,145.2756505,out_of_area,,out_of_area,false,false,outline:no_hit,
Rhymney,3377,-37.2022518,142.776705,out_of_area,,out_of_area,false,false,outline:no_hit,
Riachella,3385,-36.8392195,142.6790085,out_of_area,,out_of_area,false,false,outline:no_hit,
Rich Avon,3480,-36.4449884,142.9077278,out_of_area,,out_of_area,false,false,outline:no_hit,
Rich Avon East,3480,-36.4799327,142.9184342,out_of_area,,out_of_area,false,false,outline:no_hit,
Rich Avon West,3480,-36.5021331,142.8074951,out_of_area,,out_of_area,false,false,outline:no_hit,
Richmond,3121,-37.823,144.998,zone_1,zone_1,zone_1,false,true,approved_on_map,
Richmond East,3121,-37.8263413,144.9972757,zone_1,zone_1,zone_1,false,false,outline:zone_1,
Richmond North,3121,-37.8103629,144.9924115,zone_1,zone_1,zone_1,false,false,outline:zone_1,
Richmond Plains,3518,-36.3866606,143.5331803,out_of_area,,out_of_area,false,false,outline:no_hit,
Richmond South,3121,-37.823,144.998,zone_1,zone_1,zone_1,false,false,outline:zone_1,
Riddells Creek,3431,-37.4525468,144.6753231,out_of_area,,out_of_area,false,false,outline:no_hit,
Riggs Creek,3666,-36.6690989,145.591616,out_of_area,,out_of_area,false,false,outline:no_hit,
Ringwood,3134,-37.8106372,145.2307011,zone_3,zone_3,zone_3,false,true,named_by_tom,
Ringwood East,3135,-37.818,145.252,zone_3,zone_3,zone_3,false,false,outline:zone_3,
Ringwood North,3134,-37.799883,145.226877,zone_3,zone_3,zone_3,false,true,approved_on_map,
Ripplebrook,3818,-38.2001,145.7725,out_of_area,,out_of_area,false,false,outline:no_hit,
Rippleside,3215,-38.1235549,144.3562807,out_of_area,,out_of_area,false,false,outline:no_hit,
Ripponhurst,3286,-37.984035,142.1085079,out_of_area,,out_of_area,false,false,outline:no_hit,
Ripponlea,3185,-37.8784934,144.9956077,zone_1,zone_1,zone_1,false,false,outline:zone_1,
Riverside,3401,-36.7255562,142.2443444,out_of_area,,out_of_area,false,false,outline:no_hit,
Riverslea,3860,-38.0032475,146.9457191,out_of_area,,out_of_area,false,false,outline:no_hit,
Robertsons Beach,3971,-38.6544922,146.7282198,out_of_area,,out_of_area,false,false,outline:no_hit,
Robinson,3019,-37.793488,144.860535,zone_5,zone_5,zone_5,false,false,outline:zone_5,
Robinvale,3549,-34.5885119,142.777553,out_of_area,,out_of_area,false,false,outline:no_hit,
Robinvale Irrigation District Section B,3549,-34.6175,142.784722,out_of_area,,out_of_area,false,false,outline:no_hit,
Robinvale Irrigation District Section C,3549,-34.620833,142.729167,out_of_area,,out_of_area,false,false,outline:no_hit,
Robinvale Irrigation District Section D,3549,-34.637778,142.756944,out_of_area,,out_of_area,false,false,outline:no_hit,
Robinvale Irrigation District Section E,3549,-34.665556,142.758611,out_of_area,,out_of_area,false,false,outline:no_hit,
Rochester,3561,-36.366667,144.7,out_of_area,,out_of_area,false,false,outline:no_hit,
Rochester West,3561,-36.366667,144.7,out_of_area,,out_of_area,false,false,outline:no_hit,
Rochford,3442,-37.316667,144.683333,out_of_area,,out_of_area,false,false,outline:no_hit,
Rockbank,3335,-37.7304579,144.652914,out_of_area,,out_of_area,false,false,outline:no_hit,
Rocklands,3401,-36.4877414,142.3244986,out_of_area,,out_of_area,false,false,outline:no_hit,
Rocklyn,3364,-37.4258647,144.0296538,out_of_area,,out_of_area,false,false,outline:no_hit,
Rocky Point,3377,-37.3411016,142.8473411,out_of_area,,out_of_area,false,false,outline:no_hit,
Rodborough,3465,-37.1020285,143.8828158,out_of_area,,out_of_area,false,false,outline:no_hit,
Rokeby,3821,-38.066667,145.933333,out_of_area,,out_of_area,false,false,outline:no_hit,
Rokewood,3330,-37.9359743,143.7152249,out_of_area,,out_of_area,false,false,outline:no_hit,
Rokewood Junction,3351,-37.8388883,143.7157737,out_of_area,,out_of_area,false,false,outline:no_hit,
Romsey,3434,-37.3506332,144.7428496,out_of_area,,out_of_area,false,false,outline:no_hit,
Rosanna,3084,-37.7409649,145.0683729,zone_2,zone_2,zone_2,false,true,named_by_tom,
Rose River,3678,-36.8352482,146.5795179,out_of_area,,out_of_area,false,false,outline:no_hit,
Rosebery,3395,-35.8349,142.422,out_of_area,,out_of_area,false,false,outline:no_hit,
Rosebrook,3285,-38.3437695,142.2664028,out_of_area,,out_of_area,false,false,outline:no_hit,
Rosebud,3939,-38.356,144.918,pre_arranged,Mount Martha to Portsea,pre_arranged,false,true,approved_on_map,
Rosebud Plaza,3939,-38.3615692,144.8913632,pre_arranged,Mount Martha to Portsea,pre_arranged,false,false,outline:Mount Martha to Portsea,
Rosebud West,3940,-38.3745,144.879,pre_arranged,Mount Martha to Portsea,pre_arranged,false,false,outline:Mount Martha to Portsea,
Rosedale,3847,-38.15,146.783,out_of_area,,out_of_area,false,false,outline:no_hit,
Roses Gap,3385,-36.9626,142.451,out_of_area,,out_of_area,false,false,outline:no_hit,
Rosewhite,3737,-36.5870913,146.8430584,out_of_area,,out_of_area,false,false,outline:no_hit,
Roslynmead,3564,-36.1318366,144.5554762,out_of_area,,out_of_area,false,false,outline:no_hit,
Ross Creek,3351,-37.649799,143.7694626,out_of_area,,out_of_area,false,false,outline:no_hit,
Rossbridge,3377,-37.4852387,142.8476761,out_of_area,,out_of_area,false,false,outline:no_hit,
Rostron,3381,-36.7831782,143.1798234,out_of_area,,out_of_area,false,false,outline:no_hit,
Rostron,3477,-36.7832,143.18,out_of_area,,out_of_area,false,false,outline:no_hit,
Rowsley,3340,-37.7216385,144.376119,out_of_area,,out_of_area,false,false,outline:no_hit,
Rowville,3178,-37.9210442,145.2424941,zone_3,zone_3,zone_3,false,true,approved_on_map,
Roxburgh Park,3064,-37.627,144.929,out_of_area,,out_of_area,false,false,outline:no_hit,
Royal Melbourne Hospital,3050,-37.7989153,144.95617,zone_2,zone_2,zone_2,false,false,outline:zone_2,
Rubicon,3712,-37.298904,145.8283795,out_of_area,,out_of_area,false,false,outline:no_hit,
Ruby,3953,-38.4358301,145.919154,out_of_area,,out_of_area,false,false,outline:no_hit,
Ruffy,3666,-36.9262697,145.5032522,out_of_area,,out_of_area,false,false,outline:no_hit,
Rumbug,3960,-38.5792,146.195,out_of_area,,out_of_area,false,false,outline:no_hit,
Running Creek,3691,-36.5313566,147.0479616,out_of_area,,out_of_area,false,false,outline:no_hit,
Runnymede,3558,-36.5192,144.624,out_of_area,,out_of_area,false,false,outline:no_hit,
Runnymede,3559,-36.519214,144.6238907,out_of_area,,out_of_area,false,false,outline:no_hit,
Rupanyup,3388,-36.6304407,142.6310313,out_of_area,,out_of_area,false,false,outline:no_hit,
Rushworth,3612,-36.6265235,145.0672551,out_of_area,,out_of_area,false,false,outline:no_hit,
Russells Bridge,3331,-38.024133,144.1909483,out_of_area,,out_of_area,false,false,outline:no_hit,
Rutherglen,3685,-36.055556,146.4625,out_of_area,,out_of_area,false,false,outline:no_hit,
Ryans,3875,-37.5519,147.474,out_of_area,,out_of_area,false,false,outline:no_hit,
Ryanston,3992,-38.4993994,145.5912693,out_of_area,,out_of_area,false,false,outline:no_hit,
Rye,3941,-38.377,144.838,pre_arranged,Mount Martha to Portsea,pre_arranged,false,true,approved_on_map,
Rythdale,3810,-38.15,145.456,out_of_area,,out_of_area,false,false,outline:no_hit,
Safety Beach,3936,-38.322,144.986,pre_arranged,Mount Martha to Portsea,pre_arranged,false,true,approved_on_map,
Sailors Falls,3461,-37.3912224,144.120451,out_of_area,,out_of_area,false,false,outline:no_hit,
Sailors Gully,3556,-36.70346,144.2320179,out_of_area,,out_of_area,false,false,outline:no_hit,
Sailors Hill,3461,-37.3585315,144.125661,out_of_area,,out_of_area,false,false,outline:no_hit,
Saint Helena,3088,-37.686,145.137,out_of_area,,out_of_area,false,false,outline:no_hit,
Sale,3850,-38.1026004,147.073027,out_of_area,,out_of_area,false,false,outline:no_hit,
Sale East Raaf,3852,-38.1055,147.123,out_of_area,,out_of_area,false,false,outline:no_hit,
Sale North,3850,-38.1026004,147.073027,out_of_area,,out_of_area,false,false,outline:no_hit,
Salisbury West,3517,-36.5024066,143.969794,out_of_area,,out_of_area,false,false,outline:no_hit,
Samaria,3673,-36.8090593,146.070298,out_of_area,,out_of_area,false,false,outline:no_hit,
San Remo,3925,-38.5254247,145.3768484,out_of_area,,out_of_area,false,false,outline:no_hit,
Sandford,3312,-37.5986077,141.4775662,out_of_area,,out_of_area,false,false,outline:no_hit,
Sandhill Lake,3579,-35.7385962,143.6894419,out_of_area,,out_of_area,false,false,outline:no_hit,
Sandhurst,3977,-38.081,145.207,zone_4,zone_4,zone_4,false,true,approved_on_map,
Sandhurst East,3550,-36.7304,144.263,out_of_area,,out_of_area,false,false,outline:no_hit,
Sandon,3462,-37.1713818,144.0531998,out_of_area,,out_of_area,false,false,outline:no_hit,
Sandown Village,3171,-37.9348302,145.1689511,zone_3,zone_3,zone_3,false,false,outline:zone_3,
Sandringham,3191,-37.9533967,145.0135139,zone_1,zone_1,zone_1,false,true,approved_on_map,
Sandy Creek,3695,-36.3581428,147.131622,out_of_area,,out_of_area,false,false,outline:no_hit,
Sandy Point,3959,-38.8256023,146.134104,out_of_area,,out_of_area,false,false,outline:no_hit,
Sargood,3858,-37.5864,146.739,out_of_area,,out_of_area,false,false,outline:no_hit,
Sarsfield,3875,-37.7438718,147.7686461,out_of_area,,out_of_area,false,false,outline:no_hit,
Sassafras,3787,-37.8645935,145.353065,zone_3,zone_3,zone_3,true,true,named_by_tom_as_dandenong_ranges,
Sassafras Gully,3787,-37.8622113,145.3538556,zone_3,zone_3,zone_3,false,false,outline:zone_3,
Sawmill Settlement,3723,-37.1192184,146.3656381,out_of_area,,out_of_area,false,false,outline:no_hit,
Scarsdale,3351,-37.678333,143.676111,out_of_area,,out_of_area,false,false,outline:no_hit,
Scoresby,3179,-37.9042587,145.220397,zone_3,zone_3,zone_3,false,true,named_by_tom,
Scotchmans Lead,3352,-37.6667,143.85,out_of_area,,out_of_area,false,false,outline:no_hit,
Scotsburn,3352,-37.685556,143.938889,out_of_area,,out_of_area,false,false,outline:no_hit,
Scotsmans Lead,3357,-37.6667,143.85,out_of_area,,out_of_area,false,false,outline:no_hit,
Scotts Creek,3267,-38.467729,143.0781416,out_of_area,,out_of_area,false,false,outline:no_hit,
Sea Lake,3533,-35.5055413,142.8526896,out_of_area,,out_of_area,false,false,outline:no_hit,
Seabrook,3028,-37.876,144.758,out_of_area,,out_of_area,false,false,outline:no_hit,
Seacombe,3851,-38.1194501,147.4402167,out_of_area,,out_of_area,false,false,outline:no_hit,
Seaford,3198,-38.1021858,145.1431018,zone_4,zone_4,zone_4,false,true,approved_on_map,
Seaholme,3018,-37.868,144.841,zone_5,zone_5,zone_5,false,true,approved_on_map,
Seaspray,3851,-38.2936345,147.1467693,out_of_area,,out_of_area,false,false,outline:no_hit,
Seaton,3858,-37.9380632,146.684357,out_of_area,,out_of_area,false,false,outline:no_hit,
Seaview,3821,-38.2828086,145.9170662,out_of_area,,out_of_area,false,false,outline:no_hit,
Sebastian,3556,-36.5937109,144.2077977,out_of_area,,out_of_area,false,false,outline:no_hit,
Sebastopol,3356,-37.585278,143.839444,out_of_area,,out_of_area,false,false,outline:no_hit,
Seddon,3011,-37.8055831,144.891002,zone_5,zone_5,zone_5,false,true,approved_on_map,
Seddon West,3011,-37.8053708,144.8918846,zone_5,zone_5,zone_5,false,false,outline:zone_5,
Sedgwick,3551,-36.8799469,144.311879,out_of_area,,out_of_area,false,false,outline:no_hit,
Selby,3159,-37.914,145.369,zone_3,zone_3,zone_3,false,false,outline:zone_3,
Selwyn,3737,-37.0671106,146.9998845,out_of_area,,out_of_area,false,false,outline:no_hit,
Separation Creek,3221,-38.6284182,143.8981594,out_of_area,,out_of_area,false,false,outline:no_hit,
Separation Creek,3234,-38.6284,143.898,out_of_area,,out_of_area,false,false,outline:no_hit,
Serpentine,3517,-36.4113541,143.9793141,out_of_area,,out_of_area,false,false,outline:no_hit,
Serviceton,3420,-36.3292839,141.0022207,out_of_area,,out_of_area,false,false,outline:no_hit,
Seville,3139,-37.777,145.461,out_of_area,,out_of_area,false,false,outline:no_hit,
Seville East,3139,-37.774,145.491,out_of_area,,out_of_area,false,false,outline:no_hit,
Seymour,3660,-37.0160797,145.1619887,out_of_area,,out_of_area,false,false,outline:no_hit,
Seymour South,3660,-37.0291548,145.1446034,out_of_area,,out_of_area,false,false,outline:no_hit,
Shady Creek,3821,-38.0989012,146.0452061,out_of_area,,out_of_area,false,false,outline:no_hit,
Shallow Inlet,3960,-38.8166667,146.1666667,out_of_area,,out_of_area,false,false,outline:no_hit,
Shannonvale,3898,-36.9334829,147.4231349,out_of_area,,out_of_area,false,false,outline:no_hit,
Shays Flat,3377,-37.0488,143.099,out_of_area,,out_of_area,false,false,outline:no_hit,
Shays Flat,3384,-37.0488452,143.0994844,out_of_area,,out_of_area,false,false,outline:no_hit,
She Oaks,3331,-37.916667,144.133333,out_of_area,,out_of_area,false,false,outline:no_hit,
Sheans Creek,3666,-36.772379,145.6376697,out_of_area,,out_of_area,false,false,outline:no_hit,
Sheep Hills,3392,-36.3399974,142.5275256,out_of_area,,out_of_area,false,false,outline:no_hit,
Shelbourne,3463,-36.8470309,144.0725362,out_of_area,,out_of_area,false,false,outline:no_hit,
Shelbourne,3515,-36.847,144.073,out_of_area,,out_of_area,false,false,outline:no_hit,
Shelford,3329,-38.016667,143.966667,out_of_area,,out_of_area,false,false,outline:no_hit,
Shelley,3701,-36.1869359,147.5444299,out_of_area,,out_of_area,false,false,outline:no_hit,
Shepherds Flat,3461,-37.2750015,144.1222545,out_of_area,,out_of_area,false,false,outline:no_hit,
Shepparton,3630,-36.383333,145.4,out_of_area,,out_of_area,false,false,outline:no_hit,
Shepparton East,3631,-36.3883321,145.480396,out_of_area,,out_of_area,false,false,outline:no_hit,
Shepparton North,3631,-36.3299937,145.4008446,out_of_area,,out_of_area,false,false,outline:no_hit,
Shepparton South,3630,-36.383333,145.4,out_of_area,,out_of_area,false,false,outline:no_hit,
Sherbrooke,3789,-37.8963853,145.3641298,zone_3,zone_3,zone_3,true,true,named_by_tom_as_dandenong_ranges,
Shirley,3373,-37.4370494,143.3048546,out_of_area,,out_of_area,false,false,outline:no_hit,
Shoreham,3916,-38.427,145.05,out_of_area,,out_of_area,false,false,outline:no_hit,
Sidonia,3444,-37.1538327,144.5497737,out_of_area,,out_of_area,false,false,outline:no_hit,
Silvan,3795,-37.8342877,145.4305486,out_of_area,,out_of_area,false,true,approved_on_map,
Silver Creek,3747,-36.3779,146.727,out_of_area,,out_of_area,false,false,outline:no_hit,
Silverleaves,3922,-38.453056,145.264722,out_of_area,,out_of_area,false,false,outline:no_hit,
Simmie,3564,-36.1454112,144.7478793,out_of_area,,out_of_area,false,false,outline:no_hit,
Simpson,3266,-38.4987977,143.2429647,out_of_area,,out_of_area,false,false,outline:no_hit,
Simpsons Creek,3888,-37.7450776,148.3523807,out_of_area,,out_of_area,false,false,outline:no_hit,
Simson,3465,-36.9948936,143.7748884,out_of_area,,out_of_area,false,false,outline:no_hit,
Skenes Creek,3233,-38.7101801,143.7098032,out_of_area,,out_of_area,false,false,outline:no_hit,
Skenes Creek North,3233,-38.6957938,143.7206469,out_of_area,,out_of_area,false,false,outline:no_hit,
Skibo,3260,-38.2066949,143.1265412,out_of_area,,out_of_area,false,false,outline:no_hit,
Skinners Flat,3518,-36.3593165,143.5970521,out_of_area,,out_of_area,false,false,outline:no_hit,
Skipton,3361,-37.6847168,143.3643289,out_of_area,,out_of_area,false,false,outline:no_hit,
Skye,3977,-38.119,145.2,zone_4,zone_4,zone_4,false,true,approved_on_map,
Slaty Creek,3477,-36.5731,143.271,out_of_area,,out_of_area,false,false,outline:no_hit,
Slaty Creek,3478,-36.5730551,143.2709202,out_of_area,,out_of_area,false,false,outline:no_hit,
Smeaton,3364,-37.333333,143.95,out_of_area,,out_of_area,false,false,outline:no_hit,
Smiths Beach,3922,-38.5006654,145.2563077,out_of_area,,out_of_area,false,false,outline:no_hit,
Smiths Gully,3760,-37.6267001,145.2867055,out_of_area,,out_of_area,false,false,outline:no_hit,
Smokey Town,3364,-37.398,143.919,out_of_area,,out_of_area,false,false,outline:no_hit,
Smokeytown,3364,-37.3980354,143.9188132,out_of_area,,out_of_area,false,false,outline:no_hit,
Smoko,3741,-36.8184901,147.0610439,out_of_area,,out_of_area,false,false,outline:no_hit,
Smythes Creek,3351,-37.5941229,143.7694626,out_of_area,,out_of_area,false,false,outline:no_hit,
Smythesdale,3351,-37.6333464,143.6887979,out_of_area,,out_of_area,false,false,outline:no_hit,
Snake Island,3971,-38.7704,146.545,out_of_area,,out_of_area,false,false,outline:no_hit,
Snake Valley,3351,-37.611944,143.584444,out_of_area,,out_of_area,false,false,outline:no_hit,
Soldiers Hill,3350,-37.55,143.858,out_of_area,,out_of_area,false,false,outline:no_hit,
Somers,3927,-38.3793743,145.165179,out_of_area,,out_of_area,false,false,outline:no_hit,
Somerton,3062,-37.6332889,144.944665,out_of_area,,out_of_area,false,false,outline:no_hit,
Somerton Park,3851,-38.0976286,147.0973977,out_of_area,,out_of_area,false,false,outline:no_hit,
Somerville,3912,-38.226,145.177,out_of_area,,out_of_area,false,true,approved_on_map,
Sorrento,3943,-38.3477833,144.746696,pre_arranged,Mount Martha to Portsea,pre_arranged,false,true,named_by_tom,
South Dudley,3995,-38.5899957,145.5774025,out_of_area,,out_of_area,false,false,outline:no_hit,
South Geelong,3220,-38.1673819,144.3658474,out_of_area,,out_of_area,false,false,outline:no_hit,
South Kingsville,3015,-37.8300643,144.8703715,zone_5,zone_5,zone_5,false,false,outline:zone_5,
South Kinypanial,3520,-36.3533,143.752,out_of_area,,out_of_area,false,false,outline:no_hit,
South Melbourne,3205,-37.8338889,144.963937,zone_1,zone_1,zone_1,false,false,outline:zone_1,
South Melbourne Dc,3205,-37.8301,144.957,zone_1,zone_1,zone_1,false,false,outline:zone_1,
South Morang,3752,-37.6377485,145.082419,out_of_area,,out_of_area,false,false,outline:no_hit,
South Purrumbete,3260,-38.3515777,143.2016004,out_of_area,,out_of_area,false,false,outline:no_hit,
South Wharf,3006,-37.825,144.952,zone_1,zone_1,zone_1,false,false,outline:zone_1,
South Yarra,3141,-37.838568,144.9914761,zone_1,zone_1,zone_1,false,false,outline:zone_1,
Southbank,3006,-37.829,144.957,zone_1,zone_1,zone_1,false,false,outline:zone_1,
Southern Cross,3283,-38.2961052,142.3992869,out_of_area,,out_of_area,false,false,outline:no_hit,
Southland Centre,3192,-37.9583789,145.0539188,zone_1,zone_1,zone_1,false,false,outline:zone_1,
Sovereign Hill,3350,-37.5747586,143.866045,out_of_area,,out_of_area,false,false,outline:no_hit,
Spargo Creek,3461,-37.4775151,144.153047,out_of_area,,out_of_area,false,false,outline:no_hit,
Specimen Hill,3555,-36.7660043,144.2486143,out_of_area,,out_of_area,false,false,outline:no_hit,
Speed,3488,-35.3897214,142.4362235,out_of_area,,out_of_area,false,false,outline:no_hit,
Speewa,3585,-35.2202715,143.5175835,out_of_area,,out_of_area,false,false,outline:no_hit,
Spotswood,3015,-37.8292454,144.8813515,zone_5,zone_5,zone_5,false,true,approved_on_map,
Spring Gully,3550,-36.7976791,144.2866151,out_of_area,,out_of_area,false,false,outline:no_hit,
Spring Hill,3444,-37.296477,144.3576473,out_of_area,,out_of_area,false,false,outline:no_hit,
Springbank,3352,-37.5235787,144.0575587,out_of_area,,out_of_area,false,false,outline:no_hit,
Springdallah,3351,-37.7465869,143.6312323,out_of_area,,out_of_area,false,false,outline:no_hit,
Springfield,3434,-37.3230084,144.8181305,out_of_area,,out_of_area,false,false,outline:no_hit,
Springfield,3531,-35.6512854,142.9170407,out_of_area,,out_of_area,false,false,outline:no_hit,
Springfield,3544,-35.5747,143.114,out_of_area,,out_of_area,false,false,outline:no_hit,
Springhurst,3682,-36.183333,146.466667,out_of_area,,out_of_area,false,false,outline:no_hit,
Springmount,3364,-37.4130869,143.9351234,out_of_area,,out_of_area,false,false,outline:no_hit,
Springvale,3171,-37.9473307,145.1541397,zone_1,zone_1,zone_1,false,true,named_by_tom,
Springvale South,3172,-37.9709927,145.1485377,zone_1,zone_1,zone_1,false,true,approved_on_map,
St Albans,3021,-37.7442306,144.7999941,pre_arranged,north-west and west,pre_arranged,false,true,approved_on_map,
St Albans Park,3219,-38.1954052,144.393187,out_of_area,,out_of_area,false,false,outline:no_hit,
St Andrews Beach,3941,-38.419,144.83,pre_arranged,Mount Martha to Portsea,pre_arranged,false,false,outline:Mount Martha to Portsea,
St Arnaud,3478,-36.616618,143.2603641,out_of_area,,out_of_area,false,false,outline:no_hit,
St Arnaud East,3477,-36.6146,143.314,out_of_area,,out_of_area,false,false,outline:no_hit,
St Arnaud East,3478,-36.614622,143.31439,out_of_area,,out_of_area,false,false,outline:no_hit,
St Arnaud North,3477,-36.5743,143.215,out_of_area,,out_of_area,false,false,outline:no_hit,
St Arnaud North,3478,-36.5743217,143.2146832,out_of_area,,out_of_area,false,false,outline:no_hit,
St Clair,3995,-38.5778035,145.6552581,out_of_area,,out_of_area,false,false,outline:no_hit,
St Germains,3620,-36.1802397,145.1474292,out_of_area,,out_of_area,false,false,outline:no_hit,
St Helena,3088,-37.686,145.137,out_of_area,,out_of_area,false,false,outline:no_hit,
St Helens,3285,-38.241239,142.0602812,out_of_area,,out_of_area,false,false,outline:no_hit,
St Helens Plains,3400,-36.8109,142.456,out_of_area,,out_of_area,false,false,outline:no_hit,
St Helens Plains,3401,-36.8109299,142.4555403,out_of_area,,out_of_area,false,false,outline:no_hit,
St Helier,3989,-31.8251,144.963937,out_of_area,,out_of_area,false,false,outline:no_hit,
St James,3727,-36.2799892,145.8920165,out_of_area,,out_of_area,false,false,outline:no_hit,
St Kilda,3182,-37.864,144.982,zone_1,zone_1,zone_1,false,true,approved_on_map,
St Kilda East,3183,-37.8626196,145.0007064,zone_1,zone_1,zone_1,false,false,outline:zone_1,
St Kilda Road Central,3004,-37.8368,144.976,zone_1,zone_1,zone_1,false,false,outline:zone_1,
St Kilda Road Melbourne,3004,-37.8368,144.976,zone_1,zone_1,zone_1,false,false,outline:zone_1,
St Kilda South,3182,-37.8679,144.978,zone_1,zone_1,zone_1,false,false,outline:zone_1,
St Kilda West,3182,-37.8604,144.9732,zone_1,zone_1,zone_1,false,false,outline:zone_1,
St Leonards,3223,-38.166667,144.716667,out_of_area,,out_of_area,false,false,outline:no_hit,
Staceys Bridge,3971,-38.5603115,146.5287173,out_of_area,,out_of_area,false,false,outline:no_hit,
Staffordshire Reef,3351,-37.7452902,143.7053732,out_of_area,,out_of_area,false,false,outline:no_hit,
Staghorn Flat,3691,-36.2667509,146.9457191,out_of_area,,out_of_area,false,false,outline:no_hit,
Stanhope,3623,-36.4388545,144.9883506,out_of_area,,out_of_area,false,false,outline:no_hit,
Stanhope South,3623,-36.4916967,145.0410187,out_of_area,,out_of_area,false,false,outline:no_hit,
Stanley,3747,-36.4059155,146.7526731,out_of_area,,out_of_area,false,false,outline:no_hit,
Staughton Vale,3221,-37.8396872,144.2818364,out_of_area,,out_of_area,false,false,outline:no_hit,
Staughton Vale,3340,-37.8397,144.282,out_of_area,,out_of_area,false,false,outline:no_hit,
Stavely,3379,-37.6528076,142.636565,out_of_area,,out_of_area,false,false,outline:no_hit,
Stawell,3380,-37.0517769,142.7777088,out_of_area,,out_of_area,false,false,outline:no_hit,
Stawell West,3380,-37.0657005,142.7713287,out_of_area,,out_of_area,false,false,outline:no_hit,
Steels Creek,3775,-37.594,145.374,out_of_area,,out_of_area,false,false,outline:no_hit,
Steiglitz,3331,-37.894512,144.1861997,out_of_area,,out_of_area,false,false,outline:no_hit,
Stewarton,3725,-36.4337384,145.7932767,out_of_area,,out_of_area,false,false,outline:no_hit,
Stirling,3893,-37.4518888,147.7101041,out_of_area,,out_of_area,false,false,outline:no_hit,
Stockdale,3862,-37.8097884,147.1622868,out_of_area,,out_of_area,false,false,outline:no_hit,
Stockyard Hill,3373,-37.5068227,143.2833857,out_of_area,,out_of_area,false,false,outline:no_hit,
Stonehaven,3218,-38.1288,144.25,out_of_area,,out_of_area,false,false,outline:no_hit,
Stonehaven,3221,-38.1288448,144.2504403,out_of_area,,out_of_area,false,false,outline:no_hit,
Stoneleigh,3373,-37.5993616,143.2170396,out_of_area,,out_of_area,false,false,outline:no_hit,
Stony Creek,3371,-37.2257726,143.6881204,out_of_area,,out_of_area,false,false,outline:no_hit,
Stony Creek,3957,-38.5941498,146.1030672,out_of_area,,out_of_area,false,false,outline:no_hit,
Stonyford,3260,-38.3297056,143.2806903,out_of_area,,out_of_area,false,false,outline:no_hit,
Stradbroke,3851,-38.2720244,147.0569376,out_of_area,,out_of_area,false,false,outline:no_hit,
Stradbroke Park,3103,-37.8007,145.062,zone_1,zone_1,zone_1,false,false,outline:zone_1,
Strangways,3461,-37.1428024,144.0902405,out_of_area,,out_of_area,false,false,outline:no_hit,
Straten,3533,-35.3797,142.576,out_of_area,,out_of_area,false,false,outline:no_hit,
Stratford,3862,-37.966667,147.083333,out_of_area,,out_of_area,false,false,outline:no_hit,
Strath Creek,3658,-37.2365,145.2212,out_of_area,,out_of_area,false,false,outline:no_hit,
Strathallan,3622,-36.2449977,144.8184741,out_of_area,,out_of_area,false,false,outline:no_hit,
Strathbogie,3666,-36.879426,145.7113079,out_of_area,,out_of_area,false,false,outline:no_hit,
Strathdale,3550,-36.7632753,144.3166595,out_of_area,,out_of_area,false,false,outline:no_hit,
Strathdownie,3312,-37.7235636,141.1488684,out_of_area,,out_of_area,false,false,outline:no_hit,
Strathewen,3099,-37.55,145.266667,out_of_area,,out_of_area,false,false,outline:no_hit,
Strathfieldsaye,3551,-36.8,144.366667,out_of_area,,out_of_area,false,false,outline:no_hit,
Strathkellar,3301,-37.7136721,142.0934094,out_of_area,,out_of_area,false,false,outline:no_hit,
Strathlea,3364,-37.1511337,143.968434,out_of_area,,out_of_area,false,false,outline:no_hit,
Strathmerton,3641,-35.9401904,145.4762409,out_of_area,,out_of_area,false,false,outline:no_hit,
Strathmore,3041,-37.7358112,144.9191456,zone_2,zone_2,zone_2,false,true,approved_on_map,
Strathmore Heights,3041,-37.713,144.897,pre_arranged,north-west and west,pre_arranged,false,false,outline:north-west and west,
Strathtulloh,3338,-37.7408,144.596,out_of_area,,out_of_area,false,false,outline:no_hit,
Streatham,3351,-37.6869179,143.1021239,out_of_area,,out_of_area,false,false,outline:no_hit,
Strzelecki,3950,-38.3416551,145.902453,out_of_area,,out_of_area,false,false,outline:no_hit,
Stuart Mill,3477,-36.8057,143.286,out_of_area,,out_of_area,false,false,outline:no_hit,
Stuart Mill,3478,-36.8057343,143.2861142,out_of_area,,out_of_area,false,false,outline:no_hit,
Studfield,3152,-37.8602,145.24,zone_3,zone_3,zone_3,false,false,outline:zone_3,
Sugarloaf,3221,-38.6896508,143.7993096,out_of_area,,out_of_area,false,false,outline:no_hit,
Sugarloaf,3234,-38.6897,143.799,out_of_area,,out_of_area,false,false,outline:no_hit,
Sugarloaf Creek,3658,-37.1339,145.038,out_of_area,,out_of_area,false,false,outline:no_hit,
Sugarloaf Creek,3659,-37.1338836,145.0383133,out_of_area,,out_of_area,false,false,outline:no_hit,
Suggan Buggan,3885,-36.9406813,148.3478487,out_of_area,,out_of_area,false,false,outline:no_hit,
Sulky,3352,-37.4602532,143.8508908,out_of_area,,out_of_area,false,false,outline:no_hit,
Summerfield,3570,-36.4377995,144.137372,out_of_area,,out_of_area,false,false,outline:no_hit,
Summerlands,3922,-38.511111,145.146111,out_of_area,,out_of_area,false,false,outline:no_hit,
Sumner,3057,-37.7722,144.98,zone_2,zone_2,zone_2,false,false,outline:zone_2,
Sunbury,3429,-37.581111,144.713889,out_of_area,,out_of_area,false,true,approved_on_map,
Sunday Creek,3658,-37.2441508,145.0438252,out_of_area,,out_of_area,false,false,outline:no_hit,
Sunderland Bay,3922,-38.5016289,145.272887,out_of_area,,out_of_area,false,false,outline:no_hit,
Sunnycliffs,3496,-34.2877089,142.1863316,out_of_area,,out_of_area,false,false,outline:no_hit,
Sunset Strip,3922,-38.4958178,145.2659786,out_of_area,,out_of_area,false,false,outline:no_hit,
Sunshine,3020,-37.783657,144.8375652,pre_arranged,north-west and west,pre_arranged,false,true,approved_on_map,
Sunshine North,3020,-37.7645428,144.8312453,pre_arranged,north-west and west,pre_arranged,false,false,outline:north-west and west,
Sunshine West,3020,-37.7946685,144.818759,pre_arranged,north-west and west,pre_arranged,false,false,outline:north-west and west,
Surf Beach,3922,-38.5090925,145.2949976,out_of_area,,out_of_area,false,false,outline:no_hit,
Surrey Hills,3127,-37.8259381,145.0972417,zone_1,zone_1,zone_1,false,false,outline:zone_1,
Surrey Hills North,3127,-37.8259381,145.0972417,zone_1,zone_1,zone_1,false,false,outline:zone_1,
Surrey Hills South,3125,-37.8259381,145.0972417,zone_1,zone_1,zone_1,false,false,outline:zone_1,
Sutherland,3477,-36.5586,143.184,out_of_area,,out_of_area,false,false,outline:no_hit,
Sutherland,3478,-36.5406796,143.1896917,out_of_area,,out_of_area,false,false,outline:no_hit,
Sutherlands Creek,3331,-38.0330078,144.2187155,out_of_area,,out_of_area,false,false,outline:no_hit,
Sutton,3530,-35.7329,142.974,out_of_area,,out_of_area,false,false,outline:no_hit,
Sutton Grange,3448,-36.9622534,144.3457864,out_of_area,,out_of_area,false,false,outline:no_hit,
Swan Bay,3225,-38.225833,144.643889,out_of_area,,out_of_area,false,false,outline:no_hit,
Swan Hill,3585,-35.3396318,143.5524803,out_of_area,,out_of_area,false,false,outline:no_hit,
Swan Hill Pioneer,3585,-35.3476,143.564,out_of_area,,out_of_area,false,false,outline:no_hit,
Swan Hill West,3585,-35.3784905,143.4409182,out_of_area,,out_of_area,false,false,outline:no_hit,
Swan Island,3225,-38.2492561,144.6801977,out_of_area,,out_of_area,false,false,outline:no_hit,
Swan Marsh,3249,-38.3543974,143.3529978,out_of_area,,out_of_area,false,false,outline:no_hit,
Swan Reach,3903,-37.8097254,147.8594587,out_of_area,,out_of_area,false,false,outline:no_hit,
Swanpool,3673,-36.7625013,145.999449,out_of_area,,out_of_area,false,false,outline:no_hit,
Swanwater,3477,-36.531,143.087,out_of_area,,out_of_area,false,false,outline:no_hit,
Swanwater,3478,-36.53101,143.086542,out_of_area,,out_of_area,false,false,outline:no_hit,
Swanwater West,3480,-36.5358402,142.9935811,out_of_area,,out_of_area,false,false,outline:no_hit,
Swifts Creek,3896,-37.250278,147.712222,out_of_area,,out_of_area,false,false,outline:no_hit,
Sydenham,3037,-37.702,144.767,pre_arranged,north-west and west,pre_arranged,false,true,approved_on_map,
Sylvaterre,3575,-36.0873022,144.2380732,out_of_area,,out_of_area,false,false,outline:no_hit,
Sylvester,3072,-37.7376,145.017,zone_2,zone_2,zone_2,false,false,outline:zone_2,
Syndal,3149,-37.8766918,145.1494922,zone_1,zone_1,zone_1,false,false,outline:zone_1,
Tabberabbera,3875,-37.5480156,147.4014224,out_of_area,,out_of_area,false,false,outline:no_hit,
Tabilk,3607,-36.8378153,145.1706992,out_of_area,,out_of_area,false,false,outline:no_hit,
Tabor,3289,-37.8132691,142.1918944,out_of_area,,out_of_area,false,false,outline:no_hit,
Taggerty,3714,-37.3160872,145.7316571,out_of_area,,out_of_area,false,false,outline:no_hit,
Tahara,3301,-37.7397455,141.7209853,out_of_area,,out_of_area,false,false,outline:no_hit,
Tahara Bridge,3315,-37.7068095,141.6264119,out_of_area,,out_of_area,false,false,outline:no_hit,
Tahara West,3310,-37.7201563,141.6221944,out_of_area,,out_of_area,false,false,outline:no_hit,
Talbot,3371,-37.166667,143.7,out_of_area,,out_of_area,false,false,outline:no_hit,
Talgarno,3691,-36.0658326,147.2208225,out_of_area,,out_of_area,false,false,outline:no_hit,
Tallandoon,3701,-36.3966,147.249,out_of_area,,out_of_area,false,false,outline:no_hit,
Tallangatta,3700,-36.2194035,147.1933136,out_of_area,,out_of_area,false,false,outline:no_hit,
Tallangatta East,3700,-36.2023799,147.304922,out_of_area,,out_of_area,false,false,outline:no_hit,
Tallangatta South,3701,-36.2978,147.235,out_of_area,,out_of_area,false,false,outline:no_hit,
Tallangatta Valley,3701,-36.2909123,147.3941583,out_of_area,,out_of_area,false,false,outline:no_hit,
Tallarook,3659,-37.1126329,145.1155133,out_of_area,,out_of_area,false,false,outline:no_hit,
Tallygaroopna,3634,-36.2456008,145.4240988,out_of_area,,out_of_area,false,false,outline:no_hit,
Tambo Crossing,3893,-37.4960033,147.8548453,out_of_area,,out_of_area,false,false,outline:no_hit,
Tambo Upper,3885,-37.7718005,147.8116993,out_of_area,,out_of_area,false,false,outline:no_hit,
Tamboon,3890,-37.7989269,149.2752202,out_of_area,,out_of_area,false,false,outline:no_hit,
Tamboritha,3858,-37.4334758,146.7101069,out_of_area,,out_of_area,false,false,outline:no_hit,
Taminick,3675,-36.4030874,146.1665469,out_of_area,,out_of_area,false,false,outline:no_hit,
Tamleugh,3669,-36.5764428,145.5753227,out_of_area,,out_of_area,false,false,outline:no_hit,
Tamleugh North,3669,-36.5198021,145.580869,out_of_area,,out_of_area,false,false,outline:no_hit,
Tamleugh West,3631,-36.5484,145.531,out_of_area,,out_of_area,false,false,outline:no_hit,
Tandarook,3260,-38.2952728,143.200883,out_of_area,,out_of_area,false,false,outline:no_hit,
Tandarra,3571,-36.4370245,144.2269013,out_of_area,,out_of_area,false,false,outline:no_hit,
Tangambalanga,3691,-36.233333,147.033333,out_of_area,,out_of_area,false,false,outline:no_hit,
Tanjil,3825,-37.9447547,146.229387,out_of_area,,out_of_area,false,false,outline:no_hit,
Tanjil Bren,3833,-37.824722,146.1775,out_of_area,,out_of_area,false,false,outline:no_hit,
Tanjil South,3825,-38.1082873,146.2411224,out_of_area,,out_of_area,false,false,outline:no_hit,
Tankerton,3921,-38.387343,145.291498,out_of_area,,out_of_area,false,false,outline:no_hit,
Tantaraboo,3764,-37.2372199,144.8250025,out_of_area,,out_of_area,false,false,outline:no_hit,
Tanwood,3478,-37.0166617,143.364164,out_of_area,,out_of_area,false,false,outline:no_hit,
Tanybryn,3249,-38.665215,143.7142083,out_of_area,,out_of_area,false,false,outline:no_hit,
Taradale,3447,-37.1465105,144.3576473,out_of_area,,out_of_area,false,false,outline:no_hit,
Tarago,3818,-38.0598,145.912,out_of_area,,out_of_area,false,false,outline:no_hit,
Tarcombe,3666,-37.025124,145.3624009,out_of_area,,out_of_area,false,false,outline:no_hit,
Tarilta,3451,-37.1863125,144.188367,out_of_area,,out_of_area,false,false,outline:no_hit,
Taripta,3620,-36.26,145.05,out_of_area,,out_of_area,false,false,outline:no_hit,
Tarnagulla,3551,-36.7670418,143.8274714,out_of_area,,out_of_area,false,false,outline:no_hit,
Tarneit,3029,-37.8091678,144.6672079,out_of_area,,out_of_area,false,true,named_by_tom,
Tarnook,3670,-36.5440788,145.8737829,out_of_area,,out_of_area,false,false,outline:no_hit,
Taroon,3265,-38.3237196,142.8664846,out_of_area,,out_of_area,false,false,outline:no_hit,
Tarra Valley,3971,-38.4671826,146.5802188,out_of_area,,out_of_area,false,false,outline:no_hit,
Tarranyurk,3414,-36.2127522,142.0340184,out_of_area,,out_of_area,false,false,outline:no_hit,
Tarraville,3971,-38.6280474,146.7204985,out_of_area,,out_of_area,false,false,outline:no_hit,
Tarrawarra,3775,-37.6469756,145.4363814,out_of_area,,out_of_area,false,false,outline:no_hit,
Tarrawingee,3678,-36.39,146.449722,out_of_area,,out_of_area,false,false,outline:no_hit,
Tarrayoukyan,3315,-37.2946289,141.6151117,out_of_area,,out_of_area,false,false,outline:no_hit,
Tarrengower,3463,-37.0043939,144.017406,out_of_area,,out_of_area,false,false,outline:no_hit,
Tarrenlea,3315,-37.6643118,141.734498,out_of_area,,out_of_area,false,false,outline:no_hit,
Tarrington,3301,-37.766667,142.1,out_of_area,,out_of_area,false,false,outline:no_hit,
Tarrone,3283,-38.2718851,142.2028458,out_of_area,,out_of_area,false,false,outline:no_hit,
Tarwin,3956,-38.7377901,145.9087155,out_of_area,,out_of_area,false,false,outline:no_hit,
Tarwin East,3871,-38.405,146.181,out_of_area,,out_of_area,false,false,outline:no_hit,
Tarwin Lower,3956,-38.7377901,145.9087155,out_of_area,,out_of_area,false,false,outline:no_hit,
Tatong,3673,-36.7126488,146.1009752,out_of_area,,out_of_area,false,false,outline:no_hit,
Tatura,3616,-36.4366557,145.2328259,out_of_area,,out_of_area,false,false,outline:no_hit,
Tatura East,3616,-36.4379073,145.2977618,out_of_area,,out_of_area,false,false,outline:no_hit,
Tatyoon,3378,-37.5375885,142.9120121,out_of_area,,out_of_area,false,false,outline:no_hit,
Tawonga,3697,-36.6673311,147.168985,out_of_area,,out_of_area,false,false,outline:no_hit,
Tawonga South,3698,-36.7629,147.135,out_of_area,,out_of_area,false,false,outline:no_hit,
Taylor Bay,3713,-37.2094,145.878,out_of_area,,out_of_area,false,false,outline:no_hit,
Taylors Hill,3037,-37.715,144.751,pre_arranged,north-west and west,pre_arranged,false,true,approved_on_map,
Taylors Lakes,3038,-37.6973477,144.7811982,pre_arranged,north-west and west,pre_arranged,false,true,named_by_tom,
Teal Point,3579,-35.6709241,144.0879034,out_of_area,,out_of_area,false,false,outline:no_hit,
Tecoma,3160,-37.906,145.344,zone_3,zone_3,zone_3,true,true,named_by_tom_as_dandenong_ranges,
Teddywaddy,3525,-36.1986681,143.3390004,out_of_area,,out_of_area,false,false,outline:no_hit,
Teddywaddy,3527,-36.1987,143.339,out_of_area,,out_of_area,false,false,outline:no_hit,
Teddywaddy West,3525,-36.1914693,143.2074942,out_of_area,,out_of_area,false,false,outline:no_hit,
Teddywaddy West,3527,-36.1915,143.207,out_of_area,,out_of_area,false,false,outline:no_hit,
Teesdale,3328,-38.022066,144.0630048,out_of_area,,out_of_area,false,false,outline:no_hit,
Telangatuk East,3401,-37.1005419,141.9662845,out_of_area,,out_of_area,false,false,outline:no_hit,
Telford,3730,-36.0926718,145.9295937,out_of_area,,out_of_area,false,false,outline:no_hit,
Telopea Downs,3420,-36.1255456,141.1121661,out_of_area,,out_of_area,false,false,outline:no_hit,
Templestowe,3106,-37.7537669,145.1486206,zone_2,zone_2,zone_2,false,true,named_by_tom,
Templestowe Lower,3107,-37.7641408,145.1099967,zone_2,zone_2,zone_2,false,false,outline:zone_2,
Tempy,3489,-35.3151716,142.4039296,out_of_area,,out_of_area,false,false,outline:no_hit,
Tenby Point,3984,-38.4146878,145.473471,out_of_area,,out_of_area,false,false,outline:no_hit,
Tennyson,3572,-36.3188171,144.4416393,out_of_area,,out_of_area,false,false,outline:no_hit,
Terang,3264,-38.2273268,142.8955875,out_of_area,,out_of_area,false,false,outline:no_hit,
Terip Terip,3719,-37.0241763,145.5293823,out_of_area,,out_of_area,false,false,outline:no_hit,
Terrappee,3525,-36.1575077,143.5747227,out_of_area,,out_of_area,false,false,outline:no_hit,
Terrick Terrick,3575,-36.0831717,144.2849737,out_of_area,,out_of_area,false,false,outline:no_hit,
Terrick Terrick East,3573,-36.06368,144.3389956,out_of_area,,out_of_area,false,false,outline:no_hit,
Tesbury,3260,-38.29657,143.167652,out_of_area,,out_of_area,false,false,outline:no_hit,
Tetoora Road,3821,-38.2786747,145.8885379,out_of_area,,out_of_area,false,false,outline:no_hit,
Thalia,3527,-36.0917817,143.1322198,out_of_area,,out_of_area,false,false,outline:no_hit,
Thalloo,3825,-38.087191,146.3069145,out_of_area,,out_of_area,false,false,outline:no_hit,
Thaloo,3825,-38.0872,146.307,out_of_area,,out_of_area,false,false,outline:no_hit,
The Basin,3154,-37.8534742,145.3198788,zone_3,zone_3,zone_3,false,false,outline:zone_3,
The Cove,3268,-38.4867398,142.6974476,out_of_area,,out_of_area,false,false,outline:no_hit,
The Fingerboard,3864,-37.8199648,147.304453,out_of_area,,out_of_area,false,false,outline:no_hit,
The Gurdies,3984,-38.3863916,145.5659261,out_of_area,,out_of_area,false,false,outline:no_hit,
The Heart,3851,-38.1028369,147.1693375,out_of_area,,out_of_area,false,false,outline:no_hit,
The Honeysuckles,3851,-38.3529876,147.2190598,out_of_area,,out_of_area,false,false,outline:no_hit,
The Patch,3792,-37.8887708,145.3973329,out_of_area,,out_of_area,false,false,outline:no_hit,
The Pines,3109,-37.7622651,145.1686291,zone_2,zone_2,zone_2,false,false,outline:zone_2,
The Settlement,3561,-36.4067818,144.5763899,out_of_area,,out_of_area,false,false,outline:no_hit,
The Sisters,3265,-38.1985692,142.7757012,out_of_area,,out_of_area,false,false,outline:no_hit,
Thologolong,3691,-35.9689949,147.4036985,out_of_area,,out_of_area,false,false,outline:no_hit,
Thomastown,3074,-37.6837819,145.0107588,pre_arranged,Thomastown,pre_arranged,false,true,named_by_tom,
Thomson,3219,-38.17,144.381,out_of_area,,out_of_area,false,false,outline:no_hit,
Thomson,3825,-37.9933595,146.7419452,out_of_area,,out_of_area,false,false,outline:no_hit,
Thoona,3726,-36.3305143,146.0852867,out_of_area,,out_of_area,false,false,outline:no_hit,
Thornbury,3071,-37.7600493,145.0080039,zone_2,zone_2,zone_2,false,true,approved_on_map,
Thornhill Park,3335,-37.7457,144.624,out_of_area,,out_of_area,false,false,outline:no_hit,
Thornton,3712,-37.2605102,145.8349846,out_of_area,,out_of_area,false,false,outline:no_hit,
Thorpdale,3835,-38.2926842,146.1812023,out_of_area,,out_of_area,false,false,outline:no_hit,
Thorpdale South,3824,-38.3336714,146.1400336,out_of_area,,out_of_area,false,false,outline:no_hit,
Thowgla Valley,3707,-36.2392066,147.9478634,out_of_area,,out_of_area,false,false,outline:no_hit,
Three Bridges,3797,-37.833333,145.683333,out_of_area,,out_of_area,false,false,outline:no_hit,
Tidal River,3960,-39.0317235,146.3213055,out_of_area,,out_of_area,false,false,outline:no_hit,
Timbarra,3885,-37.4912025,147.9333322,out_of_area,,out_of_area,false,false,outline:no_hit,
Timboon,3268,-38.478525,142.9734629,out_of_area,,out_of_area,false,false,outline:no_hit,
Timboon West,3268,-38.5501291,142.928105,out_of_area,,out_of_area,false,false,outline:no_hit,
Timmering,3561,-36.3712313,144.8542145,out_of_area,,out_of_area,false,false,outline:no_hit,
Timor,3465,-36.984167,143.709167,out_of_area,,out_of_area,false,false,outline:no_hit,
Timor West,3465,-36.9642713,143.6698303,out_of_area,,out_of_area,false,false,outline:no_hit,
Tinamba,3859,-37.9655346,146.919692,out_of_area,,out_of_area,false,false,outline:no_hit,
Tinamba West,3859,-37.9329967,146.8497352,out_of_area,,out_of_area,false,false,outline:no_hit,
Tintaldra,3708,-36.0660058,147.9048938,out_of_area,,out_of_area,false,false,outline:no_hit,
Tittybong,3542,-35.7527,143.363,out_of_area,,out_of_area,false,false,outline:no_hit,
Titybong,3542,-35.7527007,143.3634186,out_of_area,,out_of_area,false,false,outline:no_hit,
Tol Tol,3549,-34.649784,142.8473788,out_of_area,,out_of_area,false,false,outline:no_hit,
Tolmie,3723,-36.9387389,146.2433388,out_of_area,,out_of_area,false,false,outline:no_hit,
Tom Groggin,3707,-36.5955377,148.0805353,out_of_area,,out_of_area,false,false,outline:no_hit,
Tongala,3621,-36.2455668,144.9577866,out_of_area,,out_of_area,false,false,outline:no_hit,
Tonghi Creek,3890,-37.5619138,149.0618209,out_of_area,,out_of_area,false,false,outline:no_hit,
Tongio,3896,-37.1875811,147.7253954,out_of_area,,out_of_area,false,false,outline:no_hit,
Tonimbuk,3815,-38.0206756,145.7182515,out_of_area,,out_of_area,false,false,outline:no_hit,
Tooan,3401,-36.8013,141.805,out_of_area,,out_of_area,false,false,outline:no_hit,
Tooan,3409,-36.8013265,141.8050723,out_of_area,,out_of_area,false,false,outline:no_hit,
Tooborac,3522,-37.0884579,144.7554106,out_of_area,,out_of_area,false,false,outline:no_hit,
Toolamba,3614,-36.4999437,145.3357789,out_of_area,,out_of_area,false,false,outline:no_hit,
Toolamba West,3614,-36.4841221,145.2645969,out_of_area,,out_of_area,false,false,outline:no_hit,
Toolamba West,3616,-36.4644,145.168,out_of_area,,out_of_area,false,false,outline:no_hit,
Toolangi,3777,-37.533333,145.466667,out_of_area,,out_of_area,false,false,outline:no_hit,
Toolern Vale,3337,-37.608056,144.593056,out_of_area,,out_of_area,false,false,outline:no_hit,
Toolleen,3551,-36.7408124,144.6960512,out_of_area,,out_of_area,false,false,outline:no_hit,
Toolome,3860,-37.6165,147.053,out_of_area,,out_of_area,false,false,outline:no_hit,
Toolondo,3401,-36.9891122,141.9401606,out_of_area,,out_of_area,false,false,outline:no_hit,
Toolong,3285,-38.3103547,142.2303981,out_of_area,,out_of_area,false,false,outline:no_hit,
Toombon,3825,-37.721192,146.4393167,out_of_area,,out_of_area,false,false,outline:no_hit,
Toongabbie,3856,-38.0326139,146.5392256,out_of_area,,out_of_area,false,false,outline:no_hit,
Toora,3962,-38.6597789,146.3041191,out_of_area,,out_of_area,false,false,outline:no_hit,
Toora North,3962,-38.6183432,146.3488562,out_of_area,,out_of_area,false,false,outline:no_hit,
Tooradin,3980,-38.211111,145.38,out_of_area,,out_of_area,false,false,outline:no_hit,
Toorak,3142,-37.8432402,145.0190242,zone_1,zone_1,zone_1,false,false,outline:zone_1,
Toorloo Arm,3909,-37.7894568,148.0505559,out_of_area,,out_of_area,false,false,outline:no_hit,
Tooronga,3146,-37.8577136,145.0548502,zone_1,zone_1,zone_1,false,false,outline:zone_1,
Toorongo,3833,-37.7755298,146.0868854,out_of_area,,out_of_area,false,false,outline:no_hit,
Tootgarook,3941,-38.374,144.849,pre_arranged,Mount Martha to Portsea,pre_arranged,false,false,outline:Mount Martha to Portsea,
Torquay,3228,-38.333333,144.316667,out_of_area,,out_of_area,false,false,outline:no_hit,
Torrita,3490,-35.1248266,141.9391395,out_of_area,,out_of_area,false,false,outline:no_hit,
Torrumbarry,3562,-36.0471946,144.5437205,out_of_area,,out_of_area,false,false,outline:no_hit,
Torwood,3821,-38.2624,145.875,out_of_area,,out_of_area,false,false,outline:no_hit,
Tostaree,3888,-37.7503304,148.189648,out_of_area,,out_of_area,false,false,outline:no_hit,
Tottenham,3012,-37.806,144.857,zone_5,zone_5,zone_5,false,true,approved_on_map,
Tottington,3477,-36.7687,143.103,out_of_area,,out_of_area,false,false,outline:no_hit,
Tottington,3478,-36.7687376,143.103172,out_of_area,,out_of_area,false,false,outline:no_hit,
Tourello,3363,-37.3534387,143.7765841,out_of_area,,out_of_area,false,false,outline:no_hit,
Towan,3596,-35.1707576,143.1903815,out_of_area,,out_of_area,false,false,outline:no_hit,
Towaninny,3527,-35.8695891,143.3196996,out_of_area,,out_of_area,false,false,outline:no_hit,
Towaninny South,3527,-35.9138937,143.3591023,out_of_area,,out_of_area,false,false,outline:no_hit,
Tower Hill,3283,-38.3332266,142.3537074,out_of_area,,out_of_area,false,false,outline:no_hit,
Towong,3707,-36.1303027,147.9752136,out_of_area,,out_of_area,false,false,outline:no_hit,
Towong Upper,3707,-36.2049032,148.0291763,out_of_area,,out_of_area,false,false,outline:no_hit,
Trafalgar,3824,-38.2,146.15,out_of_area,,out_of_area,false,false,outline:no_hit,
Trafalgar East,3824,-38.1556929,146.1923698,out_of_area,,out_of_area,false,false,outline:no_hit,
Trafalgar South,3824,-38.242203,146.1700361,out_of_area,,out_of_area,false,false,outline:no_hit,
Tragowel,3579,-35.8562703,144.0069262,out_of_area,,out_of_area,false,false,outline:no_hit,
Traralgon,3844,-38.2033531,146.519786,out_of_area,,out_of_area,false,false,outline:no_hit,
Traralgon East,3844,-38.1836514,146.5825806,out_of_area,,out_of_area,false,false,outline:no_hit,
Traralgon South,3844,-38.2986311,146.5368986,out_of_area,,out_of_area,false,false,outline:no_hit,
Travancore,3032,-37.778,144.935,zone_2,zone_2,zone_2,false,false,outline:zone_2,
Trawalla,3373,-37.4402267,143.4498966,out_of_area,,out_of_area,false,false,outline:no_hit,
Trawool,3660,-37.1089414,145.215564,out_of_area,,out_of_area,false,false,outline:no_hit,
Traynors Lagoon,3477,-36.5807,142.981,out_of_area,,out_of_area,false,false,outline:no_hit,
Traynors Lagoon,3478,-36.580721,142.9811028,out_of_area,,out_of_area,false,false,outline:no_hit,
Tremont,3785,-37.8782906,145.3171139,zone_3,zone_3,zone_3,false,false,outline:zone_3,
Trentham,3458,-37.383333,144.316667,out_of_area,,out_of_area,false,false,outline:no_hit,
Trentham East,3458,-37.4051772,144.4013907,out_of_area,,out_of_area,false,false,outline:no_hit,
Tresco,3583,-35.5135995,143.6827007,out_of_area,,out_of_area,false,false,outline:no_hit,
Tresco West,3584,-35.4807596,143.6310599,out_of_area,,out_of_area,false,false,outline:no_hit,
Trida,3953,-38.327028,145.9769353,out_of_area,,out_of_area,false,false,outline:no_hit,
Truganina,3029,-37.8282806,144.7082568,out_of_area,,out_of_area,false,true,approved_on_map,
Tubbut,3888,-37.1051517,148.6354972,out_of_area,,out_of_area,false,false,outline:no_hit,
Tuerong,3915,-38.3,145.105,out_of_area,,out_of_area,false,false,outline:no_hit,
Tulkara,3384,-36.9559,143.035,out_of_area,,out_of_area,false,false,outline:no_hit,
Tulkara,3478,-36.9558572,143.0349787,out_of_area,,out_of_area,false,false,outline:no_hit,
Tullamarine,3043,-37.6994841,144.8803113,pre_arranged,north-west and west,pre_arranged,false,true,named_by_tom,
Tungamah,3728,-36.1575347,145.8697558,out_of_area,,out_of_area,false,false,outline:no_hit,
Tunstall Square Po,3109,-37.7904,145.17,zone_2,zone_2,zone_2,false,false,outline:zone_2,
Turoar,3546,-35.1546104,143.1350595,out_of_area,,out_of_area,false,false,outline:no_hit,
Turriff,3488,-35.4989,142.494,out_of_area,,out_of_area,false,false,outline:no_hit,
Turriff East,3488,-35.4475891,142.5840699,out_of_area,,out_of_area,false,false,outline:no_hit,
Turtons Creek,3960,-38.5539398,146.2279754,out_of_area,,out_of_area,false,false,outline:no_hit,
Tutye,3490,-35.2844072,141.4966948,out_of_area,,out_of_area,false,false,outline:no_hit,
Tyaak,3658,-37.2209691,145.1431018,out_of_area,,out_of_area,false,false,outline:no_hit,
Tyabb,3913,-38.2651079,145.1706992,out_of_area,,out_of_area,false,false,outline:no_hit,
Tyenna,3533,-35.3047,142.615,out_of_area,,out_of_area,false,false,outline:no_hit,
Tyers,3844,-38.15,146.466667,out_of_area,,out_of_area,false,false,outline:no_hit,
Tylden,3444,-37.3194005,144.4052024,out_of_area,,out_of_area,false,false,outline:no_hit,
Tylden South,3444,-37.3522349,144.3767821,out_of_area,,out_of_area,false,false,outline:no_hit,
Tynong,3813,-38.083333,145.616667,out_of_area,,out_of_area,false,false,outline:no_hit,
Tynong North,3813,-38.0345542,145.6294143,out_of_area,,out_of_area,false,false,outline:no_hit,
Tyntynder,3586,-35.2396695,143.5527423,out_of_area,,out_of_area,false,false,outline:no_hit,
Tyntynder South,3586,-35.286944,143.518056,out_of_area,,out_of_area,false,false,outline:no_hit,
Tyrendarra,3285,-38.216667,141.783333,out_of_area,,out_of_area,false,false,outline:no_hit,
Tyrendarra East,3285,-38.243369,141.8726405,out_of_area,,out_of_area,false,false,outline:no_hit,
Tyrrell,3533,-35.454687,142.9628175,out_of_area,,out_of_area,false,false,outline:no_hit,
Tyrrell Downs,3533,-35.3215442,142.9405394,out_of_area,,out_of_area,false,false,outline:no_hit,
Tysons Reef,3550,-36.7458,144.289,out_of_area,,out_of_area,false,false,outline:no_hit,
Ullina,3364,-37.2834,143.89,out_of_area,,out_of_area,false,false,outline:no_hit,
Ullina,3370,-37.2834467,143.8895993,out_of_area,,out_of_area,false,false,outline:no_hit,
Ullswater,3318,-36.9217721,141.4063546,out_of_area,,out_of_area,false,false,outline:no_hit,
Ultima,3544,-35.4743019,143.2608146,out_of_area,,out_of_area,false,false,outline:no_hit,
Ultima East,3544,-35.4398974,143.4032942,out_of_area,,out_of_area,false,false,outline:no_hit,
Ultima East,3586,-35.4399,143.403,out_of_area,,out_of_area,false,false,outline:no_hit,
Ulupna,3641,-35.8354844,145.4531112,out_of_area,,out_of_area,false,false,outline:no_hit,
Undera,3629,-36.2352558,145.2270858,out_of_area,,out_of_area,false,false,outline:no_hit,
Underbool,3509,-35.1707397,141.808038,out_of_area,,out_of_area,false,false,outline:no_hit,
University Of Melbourne,3010,-37.7983459,144.960974,zone_2,zone_2,zone_2,false,false,outline:zone_2,
Uplands,3900,-36.9009009,147.8708157,out_of_area,,out_of_area,false,false,outline:no_hit,
Upotipotpon,3669,-36.5249,145.768,out_of_area,,out_of_area,false,false,outline:no_hit,
Upotipotpon,3673,-36.5248655,145.7682613,out_of_area,,out_of_area,false,false,outline:no_hit,
Upper Ferntree Gully,3156,-37.895,145.31,zone_3,zone_3,zone_3,false,false,outline:zone_3,
Upper Gundowring,3691,-36.4916755,147.0710248,out_of_area,,out_of_area,false,false,outline:no_hit,
Upper Lurg,3673,-36.5693712,146.182688,out_of_area,,out_of_area,false,false,outline:no_hit,
Upper Plenty,3756,-37.4238058,145.0603633,out_of_area,,out_of_area,false,false,outline:no_hit,
Upper Ryans Creek,3673,-36.6386279,146.1931616,out_of_area,,out_of_area,false,false,outline:no_hit,
Upton Hill,3664,-36.8873,145.409,out_of_area,,out_of_area,false,false,outline:no_hit,
Upwey,3158,-37.9039829,145.3309395,zone_3,zone_3,zone_3,true,true,named_by_tom_as_dandenong_ranges,
Valencia Creek,3860,-37.8236211,146.9766789,out_of_area,,out_of_area,false,false,outline:no_hit,
Vasey,3407,-37.3693981,141.872913,out_of_area,,out_of_area,false,false,outline:no_hit,
Vaughan,3451,-37.1602076,144.2211029,out_of_area,,out_of_area,false,false,outline:no_hit,
Vectis,3401,-36.7327045,142.0854571,out_of_area,,out_of_area,false,false,outline:no_hit,
Ventnor,3922,-38.4834062,145.1727694,out_of_area,,out_of_area,false,false,outline:no_hit,
Venus Bay,3956,-38.683333,145.8,out_of_area,,out_of_area,false,false,outline:no_hit,
Vermont,3133,-37.838,145.198,zone_1,zone_1,zone_1,false,true,named_by_tom,
Vermont South,3133,-37.8565882,145.183373,zone_1,zone_1,zone_1,false,true,approved_on_map,
Vervale,3814,-38.133333,145.666667,out_of_area,,out_of_area,false,false,outline:no_hit,
Vesper,3833,-37.8742225,146.0640244,out_of_area,,out_of_area,false,false,outline:no_hit,
Victoria Gardens,3121,-37.8132,145.012,zone_1,zone_1,zone_1,false,false,outline:zone_1,
Victoria Point,3294,-37.5175286,142.2586256,out_of_area,,out_of_area,false,false,outline:no_hit,
Victoria Valley,3294,-37.5532701,142.2852033,out_of_area,,out_of_area,false,false,outline:no_hit,
Viewbank,3084,-37.731,145.1,zone_2,zone_2,zone_2,false,true,approved_on_map,
Vinifera,3591,-35.205935,143.4014055,out_of_area,,out_of_area,false,false,outline:no_hit,
Violet Town,3669,-36.6372041,145.7141065,out_of_area,,out_of_area,false,false,outline:no_hit,
Vite Vite,3325,-37.875002,143.1753511,out_of_area,,out_of_area,false,false,outline:no_hit,
Vite Vite North,3325,-37.7710239,143.1988637,out_of_area,,out_of_area,false,false,outline:no_hit,
W Tree,3885,-37.3217231,148.238042,out_of_area,,out_of_area,false,false,outline:no_hit,
Waaia,3637,-36.0549166,145.3122755,out_of_area,,out_of_area,false,false,outline:no_hit,
Waanyarra,3551,-36.8308412,143.8471568,out_of_area,,out_of_area,false,false,outline:no_hit,
Waarre,3269,-38.5769405,143.0405196,out_of_area,,out_of_area,false,false,outline:no_hit,
Wabonga,3678,-37.0332642,146.5509974,out_of_area,,out_of_area,false,false,outline:no_hit,
Waggarandall,3646,-36.251944,145.800556,out_of_area,,out_of_area,false,false,outline:no_hit,
Waggarandall,3727,-36.2519,145.801,out_of_area,,out_of_area,false,false,outline:no_hit,
Wahgunyah,3687,-35.9852648,146.4383942,out_of_area,,out_of_area,false,false,outline:no_hit,
Wahring,3608,-36.7114471,145.2677056,out_of_area,,out_of_area,false,false,outline:no_hit,
Wail,3401,-36.5622497,142.0690586,out_of_area,,out_of_area,false,false,outline:no_hit,
Wairewa,3887,-37.7175268,148.1639603,out_of_area,,out_of_area,false,false,outline:no_hit,
Waitchie,3544,-35.3723473,143.1291611,out_of_area,,out_of_area,false,false,outline:no_hit,
Wal Wal,3381,-36.7625152,142.7144956,out_of_area,,out_of_area,false,false,outline:no_hit,
Wal Wal,3385,-36.7625,142.714,out_of_area,,out_of_area,false,false,outline:no_hit,
Waldara,3678,-36.318486,146.2873482,out_of_area,,out_of_area,false,false,outline:no_hit,
Walhalla,3825,-37.9382725,146.4507298,out_of_area,,out_of_area,false,false,outline:no_hit,
Walhalla East,3825,-37.9326,146.581,out_of_area,,out_of_area,false,false,outline:no_hit,
Walkerville,3956,-38.8249059,145.9696236,out_of_area,,out_of_area,false,false,outline:no_hit,
Walkerville North,3956,-38.8419,145.999,out_of_area,,out_of_area,false,false,outline:no_hit,
Walkerville South,3956,-38.8611677,145.9978291,out_of_area,,out_of_area,false,false,outline:no_hit,
Wallace,3352,-37.5608219,144.0575587,out_of_area,,out_of_area,false,false,outline:no_hit,
Wallacedale,3303,-37.9480098,141.8272844,out_of_area,,out_of_area,false,false,outline:no_hit,
Wallagaraugh,3891,-37.3427729,149.6726338,out_of_area,,out_of_area,false,false,outline:no_hit,
Wallaloo,3381,-36.7549828,142.8215559,out_of_area,,out_of_area,false,false,outline:no_hit,
Wallaloo,3387,-36.755,142.822,out_of_area,,out_of_area,false,false,outline:no_hit,
Wallaloo East,3381,-36.7864641,142.9066485,out_of_area,,out_of_area,false,false,outline:no_hit,
Wallaloo East,3387,-36.7865,142.907,out_of_area,,out_of_area,false,false,outline:no_hit,
Wallan,3756,-37.4066923,144.9798236,out_of_area,,out_of_area,false,false,outline:no_hit,
Wallan East,3756,-37.417287,145.007146,out_of_area,,out_of_area,false,false,outline:no_hit,
Wallinduc,3351,-37.8634993,143.505079,out_of_area,,out_of_area,false,false,outline:no_hit,
Wallington,3221,-38.2247017,144.510853,out_of_area,,out_of_area,false,false,outline:no_hit,
Wallington,3222,-38.2247,144.511,out_of_area,,out_of_area,false,false,outline:no_hit,
Wallup,3401,-36.3605162,142.2450086,out_of_area,,out_of_area,false,false,outline:no_hit,
Walmer,3463,-36.9714618,144.1501922,out_of_area,,out_of_area,false,false,outline:no_hit,
Walpa,3875,-37.7939691,147.3892119,out_of_area,,out_of_area,false,false,outline:no_hit,
Walpeup,3507,-35.115573,142.0639245,out_of_area,,out_of_area,false,false,outline:no_hit,
Walwa,3709,-35.9642807,147.6814535,out_of_area,,out_of_area,false,false,outline:no_hit,
Wanalta,3612,-36.6198474,144.9243653,out_of_area,,out_of_area,false,false,outline:no_hit,
Wandana Heights,3216,-38.1768917,144.3002702,out_of_area,,out_of_area,false,false,outline:no_hit,
Wandella,3579,-35.7575877,143.8529276,out_of_area,,out_of_area,false,false,outline:no_hit,
Wandiligong,3744,-36.7907956,146.9773826,out_of_area,,out_of_area,false,false,outline:no_hit,
Wandin East,3139,-37.811,145.453,out_of_area,,out_of_area,false,false,outline:no_hit,
Wandin North,3139,-37.769,145.411,out_of_area,,out_of_area,false,false,outline:no_hit,
Wando Bridge,3312,-37.4774412,141.4253805,out_of_area,,out_of_area,false,false,outline:no_hit,
Wando Vale,3312,-37.5039809,141.4447402,out_of_area,,out_of_area,false,false,outline:no_hit,
Wandong,3758,-37.336023,145.0399797,out_of_area,,out_of_area,false,false,outline:no_hit,
Wandown,3549,-34.8223212,142.9427616,out_of_area,,out_of_area,false,false,outline:no_hit,
Wangandary,3678,-36.3265068,146.2370535,out_of_area,,out_of_area,false,false,outline:no_hit,
Wangarabell,3891,-37.3898326,149.511036,out_of_area,,out_of_area,false,false,outline:no_hit,
Wangaratta,3677,-36.3742363,146.3264849,out_of_area,,out_of_area,false,false,outline:no_hit,
Wangaratta Forward,3678,-36.3683,146.317,out_of_area,,out_of_area,false,false,outline:no_hit,
Wangaratta South,3678,-36.3913281,146.2594033,out_of_area,,out_of_area,false,false,outline:no_hit,
Wangaratta West,3677,-36.35412,146.3044445,out_of_area,,out_of_area,false,false,outline:no_hit,
Wangie,3530,-35.6918,143.261,out_of_area,,out_of_area,false,false,outline:no_hit,
Wangoom,3279,-38.333333,142.583333,out_of_area,,out_of_area,false,false,outline:no_hit,
Wannon,3301,-37.6838529,141.834445,out_of_area,,out_of_area,false,false,outline:no_hit,
Wantirna,3152,-37.8479567,145.2289289,zone_3,zone_3,zone_3,false,true,approved_on_map,
Wantirna South,3152,-37.8769518,145.2329617,zone_3,zone_3,zone_3,false,false,outline:zone_3,
Waranga,3612,-36.5330855,145.0621488,out_of_area,,out_of_area,false,false,outline:no_hit,
Waranga,3616,-36.4927,145.069,out_of_area,,out_of_area,false,false,outline:no_hit,
Waranga Shores,3612,-36.5316,145.069,out_of_area,,out_of_area,false,false,outline:no_hit,
Waratah Bay,3959,-38.79999,146.0640244,out_of_area,,out_of_area,false,false,outline:no_hit,
Waratah North,3959,-38.770885,146.073309,out_of_area,,out_of_area,false,false,outline:no_hit,
Warburton,3799,-37.7525378,145.6948397,out_of_area,,out_of_area,false,false,outline:no_hit,
Wareek,3465,-37.0145003,143.6111837,out_of_area,,out_of_area,false,false,outline:no_hit,
Wargan,3505,-34.1996653,141.9939074,out_of_area,,out_of_area,false,false,outline:no_hit,
Warmur,3482,-36.0862874,142.7549562,out_of_area,,out_of_area,false,false,outline:no_hit,
Warncoort,3243,-38.3502737,143.7037043,out_of_area,,out_of_area,false,false,outline:no_hit,
Warne,3530,-35.7767774,143.1063157,out_of_area,,out_of_area,false,false,outline:no_hit,
Warneet,3980,-38.224,145.309,out_of_area,,out_of_area,false,false,outline:no_hit,
Warrabkook,3286,-37.9850408,142.0317312,out_of_area,,out_of_area,false,false,outline:no_hit,
Warracknabeal,3393,-36.252755,142.3919552,out_of_area,,out_of_area,false,false,outline:no_hit,
Warragul,3820,-38.1537515,145.9297824,out_of_area,,out_of_area,false,false,outline:no_hit,
Warragul South,3821,-38.2181003,145.9247217,out_of_area,,out_of_area,false,false,outline:no_hit,
Warragul West,3821,-38.1692678,145.8829724,out_of_area,,out_of_area,false,false,outline:no_hit,
Warrak,3377,-37.2664718,143.147726,out_of_area,,out_of_area,false,false,outline:no_hit,
Warrandyte,3113,-37.738,145.223,pre_arranged,Eltham to Wonga Park,pre_arranged,false,true,named_by_tom,
Warrandyte South,3134,-37.7605268,145.2452567,pre_arranged,Eltham to Wonga Park,pre_arranged,false,false,outline:Eltham to Wonga Park,
Warranwood,3134,-37.777,145.249,zone_3,zone_3,zone_3,true,true,approved_on_map,
Warrayure,3301,-37.7038712,142.1889079,out_of_area,,out_of_area,false,false,outline:no_hit,
Warrenbayne,3670,-36.6801239,145.9382944,out_of_area,,out_of_area,false,false,outline:no_hit,
Warrenheip,3352,-37.575,143.923,out_of_area,,out_of_area,false,false,outline:no_hit,
Warrenmang,3478,-37.0322669,143.3014138,out_of_area,,out_of_area,false,false,outline:no_hit,
Warrion,3249,-38.216667,143.566667,out_of_area,,out_of_area,false,false,outline:no_hit,
Warrnambool,3280,-38.3686779,142.4982086,out_of_area,,out_of_area,false,false,outline:no_hit,
Warrnambool East,3280,-38.3686779,142.4982086,out_of_area,,out_of_area,false,false,outline:no_hit,
Warrnambool West,3280,-38.3663341,142.466221,out_of_area,,out_of_area,false,false,outline:no_hit,
Warrock,3312,-37.4402645,141.3289955,out_of_area,,out_of_area,false,false,outline:no_hit,
Warrong,3283,-38.1836014,142.310129,out_of_area,,out_of_area,false,false,outline:no_hit,
Wartook,3400,-36.7204,142.181,out_of_area,,out_of_area,false,false,outline:no_hit,
Wartook,3401,-37.0546115,142.3436634,out_of_area,,out_of_area,false,false,outline:no_hit,
Watchem,3482,-36.1545324,142.8617484,out_of_area,,out_of_area,false,false,outline:no_hit,
Watchem West,3482,-36.2008239,142.7700132,out_of_area,,out_of_area,false,false,outline:no_hit,
Watchupga,3485,-35.7451698,142.6401908,out_of_area,,out_of_area,false,false,outline:no_hit,
Waterford,3862,-37.516238,147.201491,out_of_area,,out_of_area,false,false,outline:no_hit,
Waterford Park,3658,-37.3006634,145.0665658,out_of_area,,out_of_area,false,false,outline:no_hit,
Watergardens,3038,-37.699141,144.776823,pre_arranged,north-west and west,pre_arranged,false,false,outline:north-west and west,
Waterholes,3875,-37.6486269,147.719636,out_of_area,,out_of_area,false,false,outline:no_hit,
Waterloo,3373,-37.3605915,143.4159179,out_of_area,,out_of_area,false,false,outline:no_hit,
Waterways,3195,-38.0147634,145.1305169,zone_4,zone_4,zone_4,false,false,outline:zone_4,
Watgania,3379,-37.4171,142.616,out_of_area,,out_of_area,false,false,outline:no_hit,
Watsonia,3087,-37.708,145.083,out_of_area,,out_of_area,false,false,outline:no_hit,
Watsonia North,3087,-37.7,145.081,out_of_area,,out_of_area,false,false,outline:no_hit,
Watsons Creek,3097,-37.67,145.258,out_of_area,,out_of_area,false,false,outline:no_hit,
Wattle Bank,3995,-38.5739972,145.6994958,out_of_area,,out_of_area,false,false,outline:no_hit,
Wattle Creek,3384,-36.9600019,143.123011,out_of_area,,out_of_area,false,false,outline:no_hit,
Wattle Flat,3352,-37.48539,143.9487179,out_of_area,,out_of_area,false,false,outline:no_hit,
Wattle Glen,3096,-37.6683887,145.1872619,out_of_area,,out_of_area,false,false,outline:no_hit,
Wattle Hill,3237,-38.7551203,143.2514948,out_of_area,,out_of_area,false,false,outline:no_hit,
Wattle Park,3128,-37.8383693,145.1056319,zone_1,zone_1,zone_1,false,false,outline:zone_1,
Wattletree Road Po,3145,-37.8638,145.041,zone_1,zone_1,zone_1,false,false,outline:zone_1,
Wattville,3646,-36.247446,145.704042,out_of_area,,out_of_area,false,false,outline:no_hit,
Waubra,3352,-37.3629556,143.6400336,out_of_area,,out_of_area,false,false,outline:no_hit,
Waurn Ponds,3216,-38.208813,144.2709146,out_of_area,,out_of_area,false,false,outline:no_hit,
Waverley Gardens,3170,-37.9367533,145.1915757,zone_3,zone_3,zone_3,false,false,outline:zone_3,
Waygara,3888,-37.750452,148.3186102,out_of_area,,out_of_area,false,false,outline:no_hit,
Weatherboard,3352,-37.442239,143.6718599,out_of_area,,out_of_area,false,false,outline:no_hit,
Wedderburn,3518,-36.416667,143.616667,out_of_area,,out_of_area,false,false,outline:no_hit,
Wedderburn Junction,3518,-36.435249,143.6891367,out_of_area,,out_of_area,false,false,outline:no_hit,
Wee Wee Rup,3568,-35.8647979,144.3012123,out_of_area,,out_of_area,false,false,outline:no_hit,
Weeaproinah,3237,-38.6224336,143.4935902,out_of_area,,out_of_area,false,false,outline:no_hit,
Weeragua,3890,-37.5621735,149.1960526,out_of_area,,out_of_area,false,false,outline:no_hit,
Weering,3251,-38.1231059,143.6354874,out_of_area,,out_of_area,false,false,outline:no_hit,
Weerite,3260,-38.2556751,143.2470059,out_of_area,,out_of_area,false,false,outline:no_hit,
Wehla,3518,-36.601821,143.6454503,out_of_area,,out_of_area,false,false,outline:no_hit,
Weir Views,3338,-37.732,144.576,out_of_area,,out_of_area,false,false,outline:no_hit,
Wellsford,3551,-36.6885938,144.3901108,out_of_area,,out_of_area,false,false,outline:no_hit,
Welshmans Reef,3462,-37.0663518,144.0405424,out_of_area,,out_of_area,false,false,outline:no_hit,
Welshpool,3966,-38.666667,146.433333,out_of_area,,out_of_area,false,false,outline:no_hit,
Wemen,3549,-34.77225,142.6523403,out_of_area,,out_of_area,false,false,outline:no_hit,
Wendouree,3355,-37.532,143.823,out_of_area,,out_of_area,false,false,outline:no_hit,
Wendouree Village,3355,-37.532,143.823,out_of_area,,out_of_area,false,false,outline:no_hit,
Wensleydale,3241,-38.3405232,144.0419036,out_of_area,,out_of_area,false,false,outline:no_hit,
Wentworth,3875,-37.3086,147.488,out_of_area,,out_of_area,false,false,outline:no_hit,
Were Street Po,3186,-37.9255,145,zone_1,zone_1,zone_1,false,false,outline:zone_1,
Werneth,3352,-37.9291695,143.6241243,out_of_area,,out_of_area,false,false,outline:no_hit,
Werona,3364,-37.2586375,144.0419036,out_of_area,,out_of_area,false,false,outline:no_hit,
Werribee,3030,-37.8997995,144.6641401,out_of_area,,out_of_area,false,true,named_by_tom,
Werribee South,3030,-37.937,144.697,out_of_area,,out_of_area,false,false,outline:no_hit,
Werrimull,3496,-34.4115116,141.4462452,out_of_area,,out_of_area,false,false,outline:no_hit,
Wesburn,3799,-37.767,145.647,out_of_area,,out_of_area,false,false,outline:no_hit,
West Bendigo,3550,-36.7529342,144.2456637,out_of_area,,out_of_area,false,false,outline:no_hit,
West Creek,3992,-38.5522052,145.6294143,out_of_area,,out_of_area,false,false,outline:no_hit,
West Footscray,3012,-37.8006709,144.8716645,zone_5,zone_5,zone_5,false,true,approved_on_map,
West Melbourne,3003,-37.8114504,144.9253974,zone_1,zone_1,zone_1,false,false,outline:zone_1,
West Wodonga,3690,-36.1242129,146.8574235,out_of_area,,out_of_area,false,false,outline:no_hit,
Westbury,3825,-38.1413053,146.2202946,out_of_area,,out_of_area,false,false,outline:no_hit,
Westby,3579,-35.6334872,143.9472405,out_of_area,,out_of_area,false,false,outline:no_hit,
Westmeadows,3049,-37.6779426,144.8843087,out_of_area,,out_of_area,false,false,outline:no_hit,
Westmere,3351,-37.6734248,142.9566117,out_of_area,,out_of_area,false,false,outline:no_hit,
Whanregarwen,3714,-37.2225,145.6,out_of_area,,out_of_area,false,false,outline:no_hit,
Wharparilla,3564,-36.0900709,144.6581754,out_of_area,,out_of_area,false,false,outline:no_hit,
Wheatsheaf,3461,-37.3274143,144.2217727,out_of_area,,out_of_area,false,false,outline:no_hit,
Wheelers Hill,3150,-37.9067871,145.1890123,zone_3,zone_3,zone_3,false,true,named_by_tom,
Whipstick,3556,-36.6513497,144.2779112,out_of_area,,out_of_area,false,false,outline:no_hit,
Whirily,3483,-35.8960701,142.9772969,out_of_area,,out_of_area,false,false,outline:no_hit,
White Hills,3550,-36.733333,144.3,out_of_area,,out_of_area,false,false,outline:no_hit,
Whiteheads Creek,3660,-37.0266674,145.2576892,out_of_area,,out_of_area,false,false,outline:no_hit,
Whitelaw,3950,-38.4360763,145.7717353,out_of_area,,out_of_area,false,false,outline:no_hit,
Whitfield,3733,-36.748307,146.4160017,out_of_area,,out_of_area,false,false,outline:no_hit,
Whitlands,3678,-36.7752812,146.3635402,out_of_area,,out_of_area,false,false,outline:no_hit,
Whittington,3219,-38.18,144.39,out_of_area,,out_of_area,false,false,outline:no_hit,
Whittlesea,3757,-37.513889,145.113889,out_of_area,,out_of_area,false,false,outline:no_hit,
Whoorel,3243,-38.3695991,143.8313244,out_of_area,,out_of_area,false,false,outline:no_hit,
Whorouly,3735,-36.4896569,146.5726463,out_of_area,,out_of_area,false,false,outline:no_hit,
Whorouly East,3735,-36.5319958,146.6387726,out_of_area,,out_of_area,false,false,outline:no_hit,
Whorouly South,3735,-36.5695356,146.6037123,out_of_area,,out_of_area,false,false,outline:no_hit,
Whroo,3612,-36.7098029,145.0307349,out_of_area,,out_of_area,false,false,outline:no_hit,
Wickliffe,3379,-37.6762507,142.7075582,out_of_area,,out_of_area,false,false,outline:no_hit,
Wilby,3728,-36.157778,146.015833,out_of_area,,out_of_area,false,false,outline:no_hit,
Wild Dog Valley,3953,-38.3669582,145.9454696,out_of_area,,out_of_area,false,false,outline:no_hit,
Wildwood,3429,-37.5718,144.7935,out_of_area,,out_of_area,false,false,outline:no_hit,
Wilkur,3393,-36.097631,142.680171,out_of_area,,out_of_area,false,false,outline:no_hit,
Willangie,3485,-35.7563129,142.8384183,out_of_area,,out_of_area,false,false,outline:no_hit,
Willatook,3283,-38.1318966,142.1998589,out_of_area,,out_of_area,false,false,outline:no_hit,
Willaura,3379,-37.5422738,142.7368981,out_of_area,,out_of_area,false,false,outline:no_hit,
Willaura North,3379,-37.3658006,142.7720207,out_of_area,,out_of_area,false,false,outline:no_hit,
Willenabrina,3393,-36.0176226,142.2097632,out_of_area,,out_of_area,false,false,outline:no_hit,
Williams Landing,3027,-37.8615,144.744,out_of_area,,out_of_area,false,false,outline:no_hit,
Williams Raaf,3027,-37.9232,144.749,out_of_area,,out_of_area,false,false,outline:no_hit,
Williamstown,3016,-37.861,144.885,zone_5,zone_5,zone_5,false,true,named_by_tom,
Williamstown North,3016,-37.8517597,144.8689963,zone_5,zone_5,zone_5,false,false,outline:zone_5,
Willow Grove,3825,-38.0690534,146.1623601,out_of_area,,out_of_area,false,false,outline:no_hit,
Willowmavin,3764,-37.25543,144.8717467,out_of_area,,out_of_area,false,false,outline:no_hit,
Willowvale,3360,-37.8741173,143.4591343,out_of_area,,out_of_area,false,false,outline:no_hit,
Willung,3847,-38.2448484,146.8037101,out_of_area,,out_of_area,false,false,outline:no_hit,
Willung South,3844,-38.337633,146.7222533,out_of_area,,out_of_area,false,false,outline:no_hit,
Willung South,3847,-38.3376,146.722,out_of_area,,out_of_area,false,false,outline:no_hit,
Wilsons Hill,3515,-36.7284144,144.1077024,out_of_area,,out_of_area,false,false,outline:no_hit,
Wilsons Promontory,3960,-38.9588559,146.3682269,out_of_area,,out_of_area,false,false,outline:no_hit,
Wimbledon Heights,3922,-38.4799767,145.2328259,out_of_area,,out_of_area,false,false,outline:no_hit,
Winchelsea,3241,-38.2437824,143.9943269,out_of_area,,out_of_area,false,false,outline:no_hit,
Winchelsea South,3241,-38.3225,143.983056,out_of_area,,out_of_area,false,false,outline:no_hit,
Windermere,3352,-37.5137,143.72,out_of_area,,out_of_area,false,false,outline:no_hit,
Windsor,3181,-37.854,144.988,zone_1,zone_1,zone_1,false,false,outline:zone_1,
Wingan River,3891,-37.5346078,149.3921944,out_of_area,,out_of_area,false,false,outline:no_hit,
Wingeel,3321,-38.0991711,143.8055806,out_of_area,,out_of_area,false,false,outline:no_hit,
Winjallok,3380,-36.8096038,143.1897372,out_of_area,,out_of_area,false,false,outline:no_hit,
Winjallok,3477,-36.8096,143.19,out_of_area,,out_of_area,false,false,outline:no_hit,
Winlaton,3585,-35.4828459,143.7515463,out_of_area,,out_of_area,false,false,outline:no_hit,
Winnambool,3546,-34.9605247,142.7675567,out_of_area,,out_of_area,false,false,outline:no_hit,
Winnap,3304,-37.9469933,141.3200604,out_of_area,,out_of_area,false,false,outline:no_hit,
Winnindoo,3858,-38.0598736,146.7629732,out_of_area,,out_of_area,false,false,outline:no_hit,
Winslow,3281,-38.2301849,142.4618694,out_of_area,,out_of_area,false,false,outline:no_hit,
Winter Valley,3358,-37.4713,144.785,out_of_area,,out_of_area,false,false,outline:no_hit,
Winton,3673,-36.5179166,146.0843236,out_of_area,,out_of_area,false,false,outline:no_hit,
Winton North,3673,-36.4700488,146.1381795,out_of_area,,out_of_area,false,false,outline:no_hit,
Wirrate,3608,-36.7704345,144.9820408,out_of_area,,out_of_area,false,false,outline:no_hit,
Wiseleigh,3885,-37.7125989,147.7913421,out_of_area,,out_of_area,false,false,outline:no_hit,
Wishart,3189,-37.9350908,145.0495054,zone_1,zone_1,zone_1,false,false,outline:zone_1,
Wodonga,3690,-36.1240938,146.8817639,out_of_area,,out_of_area,false,false,outline:no_hit,
Wodonga Forward,3691,-36.1241,146.882,out_of_area,,out_of_area,false,false,outline:no_hit,
Wodonga Plaza,3690,-36.1209858,146.8823254,out_of_area,,out_of_area,false,false,outline:no_hit,
Wollert,3750,-37.5891893,144.9942305,out_of_area,,out_of_area,false,false,outline:no_hit,
Wombat Creek,3888,-37.7573077,148.2891394,out_of_area,,out_of_area,false,false,outline:no_hit,
Wombelano,3401,-37.0157,141.594,out_of_area,,out_of_area,false,false,outline:no_hit,
Wombelano,3409,-37.0157088,141.5935724,out_of_area,,out_of_area,false,false,outline:no_hit,
Won Wron,3971,-38.4610555,146.7082159,out_of_area,,out_of_area,false,false,outline:no_hit,
Wonga,3960,-38.5988034,146.2475293,out_of_area,,out_of_area,false,false,outline:no_hit,
Wonga Park,3115,-37.7347069,145.2590707,pre_arranged,Eltham to Wonga Park,pre_arranged,false,true,named_by_tom,
Wongarra,3221,-38.6937488,143.7720708,out_of_area,,out_of_area,false,false,outline:no_hit,
Wongarra,3234,-38.6937,143.772,out_of_area,,out_of_area,false,false,outline:no_hit,
Wongungarra,3862,-37.3442,147.153,out_of_area,,out_of_area,false,false,outline:no_hit,
Wonnangatta,3737,-37.1382413,146.8156708,out_of_area,,out_of_area,false,false,outline:no_hit,
Wonthaggi,3995,-38.6089501,145.5911028,out_of_area,,out_of_area,false,false,outline:no_hit,
Wonwondah,3401,-36.9172614,142.2579613,out_of_area,,out_of_area,false,false,outline:no_hit,
Wonwondah East,3400,-36.7204,142.181,out_of_area,,out_of_area,false,false,outline:no_hit,
Wonwondah South,3400,-36.7204,142.181,out_of_area,,out_of_area,false,false,outline:no_hit,
Wonyip,3962,-38.5773275,146.3789259,out_of_area,,out_of_area,false,false,outline:no_hit,
Wood Wood,3596,-35.113333,143.349444,out_of_area,,out_of_area,false,false,outline:no_hit,
Woodbrook,3451,-37.0113,144.198,out_of_area,,out_of_area,false,false,outline:no_hit,
Woodend,3442,-37.3613204,144.5244238,out_of_area,,out_of_area,false,false,outline:no_hit,
Woodend North,3442,-37.3259093,144.5382417,out_of_area,,out_of_area,false,false,outline:no_hit,
Woodfield,3715,-37.0772946,145.8113478,out_of_area,,out_of_area,false,false,outline:no_hit,
Woodford,3281,-38.316667,142.466667,out_of_area,,out_of_area,false,false,outline:no_hit,
Woodglen,3875,-37.7749385,147.3892119,out_of_area,,out_of_area,false,false,outline:no_hit,
Woodhouse,3294,-37.8021895,142.4591589,out_of_area,,out_of_area,false,false,outline:no_hit,
Woodleigh,3945,-38.3954374,145.6335765,out_of_area,,out_of_area,false,false,outline:no_hit,
Woods Point,3723,-37.569722,146.254167,out_of_area,,out_of_area,false,false,outline:no_hit,
Woodside,3874,-38.5206202,146.8950786,out_of_area,,out_of_area,false,false,outline:no_hit,
Woodside Beach,3874,-38.5452519,146.9745677,out_of_area,,out_of_area,false,false,outline:no_hit,
Woodside North,3874,-38.4219075,146.8226797,out_of_area,,out_of_area,false,false,outline:no_hit,
Woodstock,3751,-37.5365105,145.0603633,out_of_area,,out_of_area,false,false,outline:no_hit,
Woodstock On Loddon,3551,-36.7705999,143.987135,out_of_area,,out_of_area,false,false,outline:no_hit,
Woodstock West,3463,-36.821607,144.0034717,out_of_area,,out_of_area,false,false,outline:no_hit,
Woodvale,3556,-36.6748291,144.2122356,out_of_area,,out_of_area,false,false,outline:no_hit,
Woohlpooer,3314,-37.368961,142.160309,out_of_area,,out_of_area,false,false,outline:no_hit,
Wool Wool,3249,-38.2316237,143.4466395,out_of_area,,out_of_area,false,false,outline:no_hit,
Woolamai,3995,-38.5133112,145.4921696,out_of_area,,out_of_area,false,false,outline:no_hit,
Woolenook,3860,-37.7295,147.062,out_of_area,,out_of_area,false,false,outline:no_hit,
Woolshed,3747,-36.3094381,146.6154638,out_of_area,,out_of_area,false,false,outline:no_hit,
Woolshed Flat,3518,-36.3116753,143.6781281,out_of_area,,out_of_area,false,false,outline:no_hit,
Woolsthorpe,3276,-38.1432273,142.4249023,out_of_area,,out_of_area,false,false,outline:no_hit,
Woomelang,3485,-35.683333,142.666667,out_of_area,,out_of_area,false,false,outline:no_hit,
Wooragee,3747,-36.2951735,146.6912281,out_of_area,,out_of_area,false,false,outline:no_hit,
Woorarra,3962,-38.5717941,146.3893475,out_of_area,,out_of_area,false,false,outline:no_hit,
Woorarra East,3962,-38.6040803,146.3768277,out_of_area,,out_of_area,false,false,outline:no_hit,
Woorarra West,3960,-38.5919298,146.2175017,out_of_area,,out_of_area,false,false,outline:no_hit,
Wooreen,3953,-38.4023,146.038,out_of_area,,out_of_area,false,false,outline:no_hit,
Woori Yallock,3139,-37.778,145.528,out_of_area,,out_of_area,false,false,outline:no_hit,
Woorinen,3589,-35.281667,143.465556,out_of_area,,out_of_area,false,false,outline:no_hit,
Woorinen North,3589,-35.2473621,143.4455358,out_of_area,,out_of_area,false,false,outline:no_hit,
Woorinen South,3588,-35.2972762,143.4446136,out_of_area,,out_of_area,false,false,outline:no_hit,
Woorndoo,3272,-37.8974068,142.7953267,out_of_area,,out_of_area,false,false,outline:no_hit,
Wooroonook,3525,-36.2633328,143.1997051,out_of_area,,out_of_area,false,false,outline:no_hit,
Woosang,3518,-36.3056843,143.4505249,out_of_area,,out_of_area,false,false,outline:no_hit,
Wootong Vale,3315,-37.5098752,141.7259287,out_of_area,,out_of_area,false,false,outline:no_hit,
World Trade Centre,3005,-37.8226739,144.953839,zone_1,zone_1,zone_1,false,false,outline:zone_1,
Worrowing,3858,-37.6689,146.742,out_of_area,,out_of_area,false,false,outline:no_hit,
Wrathung,3860,-37.5955,146.949,out_of_area,,out_of_area,false,false,outline:no_hit,
Wrixon,3860,-37.6835,146.851,out_of_area,,out_of_area,false,false,outline:no_hit,
Wroxham,3891,-37.3425735,149.4808994,out_of_area,,out_of_area,false,false,outline:no_hit,
Wuk Wuk,3875,-37.7563119,147.4309105,out_of_area,,out_of_area,false,false,outline:no_hit,
Wulgulmerang,3885,-37.0087952,148.2747684,out_of_area,,out_of_area,false,false,outline:no_hit,
Wulgulmerang East,3885,-37.0982656,148.2544511,out_of_area,,out_of_area,false,false,outline:no_hit,
Wulgulmerang West,3885,-37.2249496,148.1086105,out_of_area,,out_of_area,false,false,outline:no_hit,
Wunghnu,3635,-36.1576304,145.4243197,out_of_area,,out_of_area,false,false,outline:no_hit,
Wurdiboluc,3241,-38.289167,144.051389,out_of_area,,out_of_area,false,false,outline:no_hit,
Wurruk,3850,-38.1077891,147.0280652,out_of_area,,out_of_area,false,false,outline:no_hit,
Wy Yung,3875,-37.8035174,147.6191276,out_of_area,,out_of_area,false,false,outline:no_hit,
Wycheproof,3527,-36.077645,143.2271185,out_of_area,,out_of_area,false,false,outline:no_hit,
Wycheproof South,3527,-36.1381074,143.1797045,out_of_area,,out_of_area,false,false,outline:no_hit,
Wychitella,3525,-36.2468803,143.5503753,out_of_area,,out_of_area,false,false,outline:no_hit,
Wychitella North,3525,-36.2050299,143.6297904,out_of_area,,out_of_area,false,false,outline:no_hit,
Wye River,3221,-38.6381741,143.8899389,out_of_area,,out_of_area,false,false,outline:no_hit,
Wye River,3234,-38.6382,143.89,out_of_area,,out_of_area,false,false,outline:no_hit,
Wyelangta,3237,-38.700637,143.416593,out_of_area,,out_of_area,false,false,outline:no_hit,
Wyndham Vale,3024,-37.89,144.63,out_of_area,,out_of_area,false,false,outline:no_hit,
Wyuna,3620,-36.1990403,145.0650959,out_of_area,,out_of_area,false,false,outline:no_hit,
Wyuna East,3620,-36.2369485,145.1027567,out_of_area,,out_of_area,false,false,outline:no_hit,
Yaapeet,3424,-35.7064354,142.0228094,out_of_area,,out_of_area,false,false,outline:no_hit,
Yabba North,3646,-36.216389,145.689722,out_of_area,,out_of_area,false,false,outline:no_hit,
Yabba South,3646,-36.2824397,145.6950058,out_of_area,,out_of_area,false,false,outline:no_hit,
Yackandandah,3749,-36.313056,146.839167,out_of_area,,out_of_area,false,false,outline:no_hit,
Yalca,3637,-35.925,145.333056,out_of_area,,out_of_area,false,false,outline:no_hit,
Yalla-Y-Poora,3378,-37.5305453,143.1265473,out_of_area,,out_of_area,false,false,outline:no_hit,
Yallambie,3085,-37.726,145.104,out_of_area,,out_of_area,false,true,approved_on_map,
Yallook,3571,-36.4003,144.211,out_of_area,,out_of_area,false,false,outline:no_hit,
Yallourn,3825,-38.1802756,146.3182719,out_of_area,,out_of_area,false,false,outline:no_hit,
Yallourn North,3825,-38.1596163,146.3612622,out_of_area,,out_of_area,false,false,outline:no_hit,
Yalmy,3885,-37.4809794,148.281616,out_of_area,,out_of_area,false,false,outline:no_hit,
Yambuk,3285,-38.3080678,142.0413404,out_of_area,,out_of_area,false,false,outline:no_hit,
Yambuna,3621,-36.1244798,144.9801151,out_of_area,,out_of_area,false,false,outline:no_hit,
Yan Yean,3755,-37.5474779,145.1486206,out_of_area,,out_of_area,false,false,outline:no_hit,
Yanac,3418,-36.094225,141.4601664,out_of_area,,out_of_area,false,false,outline:no_hit,
Yanakie,3960,-38.8071478,146.2223893,out_of_area,,out_of_area,false,false,outline:no_hit,
Yando,3537,-36.0888202,143.8003273,out_of_area,,out_of_area,false,false,outline:no_hit,
Yandoit,3461,-37.2,144.1,out_of_area,,out_of_area,false,false,outline:no_hit,
Yandoit Hills,3461,-37.2156138,144.0575587,out_of_area,,out_of_area,false,false,outline:no_hit,
Yangery,3283,-38.3185532,142.4412187,out_of_area,,out_of_area,false,false,outline:no_hit,
Yangoura,3858,-37.822,146.568,out_of_area,,out_of_area,false,false,outline:no_hit,
Yannathan,3981,-38.233333,145.633333,out_of_area,,out_of_area,false,false,outline:no_hit,
Yapeen,3451,-37.1284806,144.1617791,out_of_area,,out_of_area,false,false,outline:no_hit,
Yarck,3719,-37.0967252,145.6030578,out_of_area,,out_of_area,false,false,outline:no_hit,
Yarpturk,3283,-38.2872903,142.4305627,out_of_area,,out_of_area,false,false,outline:no_hit,
Yarra Glen,3775,-37.648889,145.371944,out_of_area,,out_of_area,false,false,outline:no_hit,
Yarra Junction,3797,-37.779,145.606,out_of_area,,out_of_area,false,false,outline:no_hit,
Yarraberb,3516,-36.6048366,144.0383058,out_of_area,,out_of_area,false,false,outline:no_hit,
Yarragon,3823,-38.2,146.066667,out_of_area,,out_of_area,false,false,outline:no_hit,
Yarragon South,3823,-38.2363402,146.0814874,out_of_area,,out_of_area,false,false,outline:no_hit,
Yarram,3971,-38.565594,146.6751045,out_of_area,,out_of_area,false,false,outline:no_hit,
Yarrambat,3091,-37.6404295,145.1320653,out_of_area,,out_of_area,false,false,outline:no_hit,
Yarraville,3013,-37.819811,144.8813738,zone_5,zone_5,zone_5,false,true,approved_on_map,
Yarraville West,3013,-37.8148018,144.8852384,zone_5,zone_5,zone_5,false,false,outline:zone_5,
Yarrawalla,3575,-36.1305222,144.0674299,out_of_area,,out_of_area,false,false,outline:no_hit,
Yarrawonga,3730,-36.0271135,145.9990577,out_of_area,,out_of_area,false,false,outline:no_hit,
Yarrawonga South,3730,-36.0897829,146.0481851,out_of_area,,out_of_area,false,false,outline:no_hit,
Yarrowee,3357,-37.8405,143.925,out_of_area,,out_of_area,false,false,outline:no_hit,
Yarroweyah,3644,-35.933333,145.55,out_of_area,,out_of_area,false,false,outline:no_hit,
Yarrunga,3415,-34.5841,150.434,out_of_area,,out_of_area,false,false,outline:no_hit,
Yarrunga,3677,-36.3718147,146.317749,out_of_area,,out_of_area,false,false,outline:no_hit,
Yarto,3396,-35.498482,142.271805,out_of_area,,out_of_area,false,false,outline:no_hit,
Yatchaw,3301,-37.8070791,142.1320945,out_of_area,,out_of_area,false,false,outline:no_hit,
Yawong Hills,3478,-36.4873208,143.3510805,out_of_area,,out_of_area,false,false,outline:no_hit,
Yea,3717,-37.2229373,145.4070195,out_of_area,,out_of_area,false,false,outline:no_hit,
Yellingbo,3139,-37.81,145.51,out_of_area,,out_of_area,false,false,outline:no_hit,
Yelta,3505,-34.1372058,142.0228245,out_of_area,,out_of_area,false,false,outline:no_hit,
Yendon,3352,-37.6445852,143.9650343,out_of_area,,out_of_area,false,false,outline:no_hit,
Yeo,3249,-38.244444,143.515556,out_of_area,,out_of_area,false,false,outline:no_hit,
Yeodene,3249,-38.4082948,143.7023491,out_of_area,,out_of_area,false,false,outline:no_hit,
Yering,3770,-37.7002209,145.3582514,out_of_area,,out_of_area,false,false,outline:no_hit,
Yeungroon,3525,-36.3796429,143.2924834,out_of_area,,out_of_area,false,false,outline:no_hit,
Yeungroon East,3525,-36.3294282,143.4213853,out_of_area,,out_of_area,false,false,outline:no_hit,
Yielima,3638,-35.9237539,145.1907129,out_of_area,,out_of_area,false,false,outline:no_hit,
Yinnar,3869,-38.316667,146.316667,out_of_area,,out_of_area,false,false,outline:no_hit,
Yinnar South,3869,-38.383333,146.383333,out_of_area,,out_of_area,false,false,outline:no_hit,
York Plains,3477,-36.5874,142.917,out_of_area,,out_of_area,false,false,outline:no_hit,
Youanmite,3646,-36.1839147,145.6807625,out_of_area,,out_of_area,false,false,outline:no_hit,
Youarang,3728,-36.1666207,145.7929293,out_of_area,,out_of_area,false,false,outline:no_hit,
Yulecart,3301,-37.751667,141.9560322,out_of_area,,out_of_area,false,false,outline:no_hit,
Yundool,3727,-36.2602668,145.8216946,out_of_area,,out_of_area,false,false,outline:no_hit,
Yuroke,3063,-37.6,144.88,out_of_area,,out_of_area,false,false,outline:no_hit,
Yuulong,3237,-38.747013,143.3238806,out_of_area,,out_of_area,false,false,outline:no_hit,
Zeerust,3634,-36.2702014,145.3973329,out_of_area,,out_of_area,false,false,outline:no_hit,
Zumsteins,3401,-37.1187871,142.3842357,out_of_area,,out_of_area,false,false,outline:no_hit,
